clone_id	subject	clone_size	va_gene	ja_gene	va2_gene	ja2_gene	vb_gene	jb_gene	cdr3a	cdr3a_nucseq	cdr3a2	cdr3a2_nucseq	cdr3b	cdr3b_nucseq	alpha_umi	alpha2_umi	beta_umi	num_alphas	num_betas
clonotype1	UNK_S	247	TRAV12-1*01	TRAJ44*01			TRBV20-1*01	TRBJ2-4*01	CAAQNTGIASKLTF	tgtgcagcacaaaacaccggcattgccagtaaactcaccttt			CSANTRFWQGSTQYF	tgcagtgcaaatacccgattctggcaggggagcactcagtacttc	247	0	247	1	1
clonotype100	UNK_S	8	TRAV22-3*01	TRAJ27*01	TRAV22-3*01	TRAJ21*01	TRBV2-3*01	TRBJ2-7*01	CAVEYGTNADKLTF	tgtgctgtggagtacggcaccaatgcagacaaattaaccttt	CAVEWGNFNKFYF	tgtgctgtggagtggggcaacttcaacaaattttacttt	CASSGDSYEQYF	tgtgccagcagtggggactcttacgagcagtacttc	8	6	14	2	1
clonotype101	UNK_S	6	TRAV8-4*01	TRAJ43*01	TRAV8-4*01	TRAJ3*01	TRBV6-2*01	TRBJ1-4*01	CAVGEFWGNNDIHF	tgtgctgtgggtgaattttggggcaacaatgacatacacttt	CAVGDSSASKIIF	tgtgctgtgggtgacagcagtgcttccaagatcatcttt	CASSAQGGEKLFF	tgtgccagcagtgcgcagggaggagaaaaactgtttttt	7	6	12	2	1
clonotype102	UNK_S	6	TRAV13-1*01	TRAJ42*01	TRAV13-1*01	TRAJ20*02	TRBV6-2*01	TRBJ1-3*01	CAASKGGSQGNLIF	tgtgcagcgagtaagggaggaagccaaggaaatctcatcttt	CAASNNYKLSF	tgcgcagcaagtaacaactacaagctcagcttt	CASSEQAGISNTVYF	tgtgccagcagtgaacaggcagggattagtaacaccgtgtatttt	7	6	12	2	1
clonotype1023	UNK_S	1	TRAV4*01	TRAJ29*01			TRBV28*01	TRBJ1-1*01	CLVGAGNRALVF	tgcctcgtgggtgcaggaaacagagctcttgtcttt			CASSLRTNKNTEAFF	tgtgccagcagtctacggacaaacaagaacactgaagctttcttt	1	0	1	1	1
clonotype1024	UNK_S	1	TRAV25*01	TRAJ21*01			TRBV11-2*01	TRBJ2-7*01	CVVYNFNKFYF	tgcgtagtatacaacttcaacaaattttacttt			CASSPRLSSYEQYF	tgtgccagcagtccccgtttgagctcctacgagcagtacttc	1	0	1	1	1
clonotype1026	UNK_S	1	TRAV39*01	TRAJ34*01			TRBV11-2*01	TRBJ2-2*01	CAVDRNANKLIF	tgcgccgtggacaggaacgccaacaagctcatcttt			CASSRQGWAAQLFF	tgtgccagcagccgacagggttgggccgcgcagctgttcttt	1	0	1	1	1
clonotype1029	UNK_S	1	TRAV29*01	TRAJ28*01			TRBV21-1*01	TRBJ1-2*01	CAASEDAYSGAGSYQLTF	tgtgcagcaagcgaagacgcatactctggggctgggagttaccaactcactttc			CASSKVDGLYDYTF	tgtgccagcagcaaggtcgacgggctgtatgactacaccttc	1	0	1	1	1
clonotype103	UNK_S	7	TRAV8-7*01	TRAJ32*01			TRBV6-3*01	TRBJ1-5*01	CAVSYGGSGNKLIF	tgtgctgtgagttatggcggtagtggaaacaagctcatcttt			CASSYQGGYQPQYF	tgtgccagcagttatcaagggggatatcagccccagtatttt	7	0	7	1	1
clonotype1031	UNK_S	2	TRAV21*01	TRAJ34*01			TRBV3-3*01	TRBJ2-1*01	CAVYNANKLIF	tgtgctgtctataacgccaacaagctcatcttt			CASSQGRVDYGEQFF	tgtgccagcagccaaggccgggtggactacggtgagcagttcttt	2	0	2	1	1
clonotype1032	UNK_S	1	TRAV5*01	TRAJ39*01			TRBV2-2*01	TRBJ1-5*01	CAERDNAGNVLTF	tgtgcagagagagataatgcaggcaacgtgctcacattt			CASRQRTGNQPQYF	tgtgccagcaggcaaagaacagggaaccagccccagtatttt	1	0	1	1	1
clonotype1033	UNK_S	1	TRAV27*01	TRAJ32*01	TRAV13-1*01	TRAJ44*01	TRBV28*01	TRBJ2-6*01	CAVYGGSGNKLIF	tgtgccgtttatggcggtagtggaaacaagctcatcttt	CAATINTGIASKLTF	tgtgcagcgacaataaacaccggcattgccagtaaactcaccttt	CASSLRLSGASVLTF	tgtgccagcagtttaaggctcagcggggccagcgtcctgactttc	2	1	2	2	1
clonotype1035	UNK_S	1	TRAV20*01	TRAJ31*01			TRBV21-1*01	TRBJ2-4*01	CAVLSGDRVIF	tgtgctgtgcttagcggtgacagagtcatcttt			CASSKDSSQNTQYF	tgtgccagcagcaaagatagtagccaaaacactcagtacttc	1	0	1	1	1
clonotype1037	UNK_S	1	TRAV25*01	TRAJ45*01			TRBV6-2*01	TRBJ2-4*01	CAGRGGGSADRLTF	tgcgcagggcgagggggaggaagtgctgacagactcaccttt			CASRSPGVFQNTQYF	tgtgccagcagatcgccaggggtattccaaaacactcagtacttc	1	0	1	1	1
clonotype1038	UNK_S	1	TRAV25*01	TRAJ23*01			TRBV6-2*01	TRBJ2-4*01	CAAKPYNQAGKLIF	tgcgcggcgaaaccctataaccaggcaggaaagcttatcttc			CASRSPGVFQNTQYF	tgtgccagcagatcgccaggggtattccaaaacactcagtacttc	1	0	1	1	1
clonotype1040	UNK_S	1	TRAV35*01	TRAJ53*01			TRBV18*01	TRBJ2-7*01	CAGSWGSSNYKLTF	tgtgccggatcctgggggagtagcaactataaactgacattt			CASSPHWGPYEQYF	tgtgccagctcaccccactgggggccttacgagcagtacttc	1	0	1	1	1
clonotype1041	UNK_S	1	TRAV8-4*01	TRAJ34*01			TRBV2-3*01	TRBJ2-4*01	CAVGAANKLIF	tgtgctgtgggtgcggccaacaagctcatcttt			CASSGGSGQNTQYF	tgtgccagcagtggggggagcggccaaaacactcagtacttc	1	0	1	1	1
clonotype1044	UNK_S	1	TRAV25*01	TRAJ53*01			TRBV7-2*03	TRBJ2-3*01	CAGTRGGSNYKLTF	tgcgcagggacgcgtggaggtagcaactataaactgacattt			CASSLIGVADPQYF	tgtgccagcagcttaataggggtggccgatccgcagtatttt	1	0	1	1	1
clonotype1045	UNK_S	1	TRAV4*01	TRAJ32*01			TRBV10-2*01	TRBJ2-3*01	CLVGDEYGGSGNKLIF	tgcctcgtgggtgacgaatatggcggtagtggaaacaagctcatcttt			CASGARLGGTDPQYF	tgtgccagcggggctcgactggggggaacagatccgcagtatttt	1	0	1	1	1
clonotype1048	UNK_S	1	TRAV22-3*01	TRAJ53*01			TRBV6-3*01	TRBJ1-2*01	CAVPPSGGSNYKLTF	tgtgctgtcccccccagtggaggtagcaactataaactgacattt			CASSYSFPSNYDYTF	tgtgccagcagttactcgtttccctctaactatgactacaccttc	1	0	1	1	1
clonotype1052	UNK_S	1	TRAV36*01	TRAJ31*01			TRBV12-3*01	TRBJ1-6*01	CAVAGNNDRVIF	tgtgctgtggccggtaacaatgacagagtcatcttt			CASSFKTGNSPLYF	tgtgccagcagttttaaaacagggaattcgcccctctacttt	1	0	1	1	1
clonotype1054	UNK_S	1	TRAV5*01	TRAJ39*01			TRBV2-3*01	TRBJ1-5*01	CAERDNAGNVLTF	tgtgcagagagagataatgcaggcaacgtgctcacattt			CASRQRTGNQPQYF	tgtgccagcaggcaaagaacagggaaccagccccagtatttt	1	0	1	1	1
clonotype1055	UNK_S	1	TRAV20*01	TRAJ52*01			TRBV2-2*01	TRBJ1-3*01	CAVQAGAGYGKLTF	tgtgctgtgcaagccggcgctggctatggaaagctgacattt			CASSAQGGGNTVYF	tgtgccagcagcgctcaggggggtggaaacaccgtgtatttt	1	0	1	1	1
clonotype1056	UNK_S	1	TRAV35*01	TRAJ58*01			TRBV2-2*01	TRBJ1-3*01	CAGQSGWQTGGSRLTF	tgtgccgggcaatcggggtggcaaaccggtggctctaggttgaccttt			CASSPRGGANTVYF	tgtgccagcagtccccgagggggagcaaacaccgtgtatttt	1	0	1	1	1
clonotype1057	UNK_S	1	TRAV17*01	TRAJ11*01			TRBV24-1*01	TRBJ1-2*01	CATNPNSGYSTLTF	tgtgctacgaatcccaattcaggatacagcacactcaccttt			CATSDLRPANYDYTF	tgtgccaccagtgatttgcgaccagctaactatgactacaccttc	1	0	1	1	1
clonotype1058	UNK_S	1	TRAV9-2*01	TRAJ13*01	TRAV2*01	TRAJ11*01	TRBV7-2*03	TRBJ1-1*01	CALSDAGSYQKVTF	tgtgctctgagtgatgcaggaagctaccagaaagttaccttt	CAVAENSGYSTLTF	tgtgctgtggcagagaattcaggatacagcacactcaccttt	CASSLTTGVTEAFF	tgtgccagcagcttaacgacaggggtcactgaagctttcttt	2	1	2	2	1
clonotype1059	UNK_S	1	TRAV17*01	TRAJ11*01			TRBV7-2*03	TRBJ2-7*01	CATNPNSGYSTLTF	tgtgctacgaatcccaattcaggatacagcacactcaccttt			CASSLDYTEYEQYF	tgtgccagcagcttagattacacggagtacgagcagtacttc	1	0	1	1	1
clonotype106	UNK_S	6	TRAV8-7*01	TRAJ54*01			TRBV4-2*01	TRBJ1-4*01	CAVSESTQGAQKLVF	tgtgctgtgagtgagtccactcagggagcccagaagctggtattt			CASSQVSGPEKLFF	tgcgccagcagccaagtttcagggcctgaaaaactgtttttt	6	0	6	1	1
clonotype1061	UNK_S	1	TRAV8-4*01	TRAJ50*01			TRBV6-1*01	TRBJ1-6*01	CAVGVTTSYNKLMF	tgtgctgtgggggtgacaacctcctacaacaagctgatgttt			CASSVQSSYNSPLHF	tgtgccagcagtgtccagagctcctataattcgcccctccacttt	1	0	1	1	1
clonotype1062	UNK_S	1	TRAV21*01	TRAJ53*01			TRBV6-3*01	TRBJ1-6*01	CAIWWSGGSNYKLTF	tgtgctatctggtggagtggaggtagcaactataaactgacattt			CASSYGGAVNSPLYF	tgtgccagcagttacgggggggctgttaattcgcccctctacttt	1	0	1	1	1
clonotype1064	UNK_S	1	TRAV5*01	TRAJ37*01	TRAV12-3*01	TRAJ8*01	TRBV4-3*01	TRBJ2-4*01	CAERGASSNTGKLIF	tgtgcagagaggggtgcctctagcaacacaggcaaactgatcttt	CAWLNTGFQKLVF	tgtgcctggctgaacacaggctttcagaaactcgtattc	CASSQVGGLQNTQYF	tgcgccagcagccaagtagggggtctccaaaacactcagtacttc	2	1	2	2	1
clonotype1066	UNK_S	1	TRAV8-5*01	TRAJ36*01			TRBV23-1*01	TRBJ1-3*01	CAVSEATGVNNLFF	tgtgctgtgagtgaggcgactggggtaaacaacctcttcttt			CASSPGSSGNTVYF	tgtgccagcagcccagggagttctggaaacaccgtgtatttt	1	0	1	1	1
clonotype1067	UNK_S	1	TRAV8-2*01	TRAJ50*01			TRBV7-6*01	TRBJ2-4*01	CAVRALTTSYNKLMF	tgtgctgtgagggccttgacaacctcctacaacaagctgatgttt			CASGHGGSGDTQYF	tgtgccagcggccacggggggagcggcgacactcagtacttc	1	0	1	1	1
clonotype1068	UNK_S	1	TRAV5*01	TRAJ37*01			TRBV4-2*01	TRBJ2-4*01	CAERGASSNTGKLIF	tgtgcagagaggggtgcctctagcaacacaggcaaactgatcttt			CASSQVGGLQNTQYF	tgcgccagcagccaagtagggggtctccaaaacactcagtacttc	1	0	1	1	1
clonotype1069	UNK_S	1	TRAV14-2*01	TRAJ52*01			TRBV6-3*01	TRBJ2-5*01	CAMRGLPGYGKLTF	tgtgcaatgagagggctacccggctatggaaagctgacattt			CASRDWGELEETQYF	tgtgccagcagagactggggggagctagaagagacccagtacttc	1	0	1	1	1
clonotype1070	UNK_S	1	TRAV38-2*01	TRAJ23*01			TRBV15*01	TRBJ2-1*01	CAYRYYNQAGKLIF	tgtgcttataggtattataaccaggcaggaaagcttatcttc			CASSLDWAYYGEQFF	tgtgccagcagcttggactgggcgtactacggtgagcagttcttt	1	0	1	1	1
clonotype1071	UNK_S	1	TRAV19*01	TRAJ50*01			TRBV24-1*01	TRBJ1-3*01	CALNEATSYNKLMF	tgtgctctgaatgaagcaacctcctacaacaagctgatgttt			CATSDFPQGYGTVYF	tgtgccaccagtgatttcccacaggggtatggcaccgtgtatttt	1	0	1	1	1
clonotype1074	UNK_S	3	TRAV8-5*01	TRAJ50*01			TRBV7-6*01	TRBJ2-4*01	CAVRALTTSYNKLMF	tgtgctgtgagggccttgacaacctcctacaacaagctgatgttt			CASGHGGSGDTQYF	tgtgccagcggccacggggggagcggcgacactcagtacttc	3	0	3	1	1
clonotype1075	UNK_S	1	TRAV8-2*01	TRAJ44*01			TRBV2-1*01	TRBJ2-4*01	CAVSDRANTGIASKLTF	tgtgctgtgagtgatcgtgcgaacaccggcattgccagtaaactcaccttt			CASSAAGGQNTQYF	tgtgccagcagtgcggccgggggccaaaacactcagtacttc	1	0	1	1	1
clonotype1078	UNK_S	1	TRAV29*01	TRAJ24*01			TRBV5-7*01	TRBJ2-5*01	CAALDSWGKLQF	tgtgcagcactggacagctgggggaaattgcagttt			CASSLVLEFQETQYF	tgtgccagcagcttggtgttggaattccaagagacccagtacttc	1	0	1	1	1
clonotype108	UNK_S	6	TRAV18*01	TRAJ52*01			TRBV23-1*01	TRBJ2-1*01	CVLRDGAGGAGYGKLTF	tgtgttctgagagatggtgctggtggtgctggctatggaaagctgacattt			CASSPQGYGEQFF	tgtgccagcagcccccaaggttacggtgagcagttcttt	6	0	6	1	1
clonotype1080	UNK_S	1	TRAV14-2*01	TRAJ52*01			TRBV21-1*01	TRBJ1-4*01	CAMVRGLGAGGAGYGKLTF	tgtgcaatggtacgcgggttgggggctggtggtgctggctatggaaagctgacattt			CASSKTGVGEKLFF	tgtgccagcagcaaaacaggggttggtgaaaaactgtttttt	1	0	1	1	1
clonotype1081	UNK_S	1	TRAV23-4*01	TRAJ15*02			TRBV3-4*01	TRBJ2-7*01	CAPSRRQAGTALIF	tgtgcaccctcccgcaggcaggctggaactgcactgatcttt			CASSQGGLGGLEQYF	tgtgccagcagccaaggagggctggggggactcgagcagtacttc	1	0	1	1	1
clonotype1083	UNK_S	1	TRAV23-4*01	TRAJ28*01			TRBV23-1*01	TRBJ1-2*01	CAASTAGAGSYQLTF	tgtgcagcaagcacggccggggctgggagttaccaactcactttc			CASTLRYQDYDYTF	tgtgccagcaccctacggtaccaagactatgactacaccttc	1	0	1	1	1
clonotype1084	UNK_S	1	TRAV23-4*01	TRAJ52*01			TRBV7-6*01	TRBJ1-1*01	CAASNDAGGAGYGKLTF	tgcgcagcaagcaacgatgctggtggtgctggctatggaaagctgacattt			CASSLVMGVTEAFF	tgtgccagcagcttagtgatgggagtcactgaagctttcttt	1	0	1	1	1
clonotype109	UNK_S	6	TRAV29*01	TRAJ32*01	TRAV29*01	TRAJ44*01	TRBV3-1*01	TRBJ2-4*01	CAATGYGGSGNKLIF	tgtgcagcaacgggatatggcggtagtggaaacaagctcatcttt	CAASVSGTGIASKLTF	tgtgcagcaagcgtttcgggcaccggcattgccagtaaactcaccttt	CASSFMVIQNTQYF	tgtgccagcagcttcatggtgatccaaaacactcagtacttc	7	6	12	2	1
clonotype11	UNK_S	18	TRAV5*01	TRAJ39*01			TRBV20-1*01	TRBJ1-2*01	CADDNAGNVLTF	tgtgcagacgataatgcaggcaacgtgctcacattt			CSVPTANYDYTF	tgcagtgttccgacagctaactatgactacaccttc	18	0	18	1	1
clonotype111	UNK_S	6	TRAV23-4*01	TRAJ11*01			TRBV21-1*01	TRBJ1-2*01	CAALNSGYSTLTF	tgcgcagccttgaattcaggatacagcacactcaccttt			CASSKTGANYDYTF	tgtgccagcagcaaaacgggagctaactatgactacaccttc	6	0	6	1	1
clonotype112	UNK_S	7	TRAV30*01	TRAJ49*01	TRAV30*01	TRAJ32*01	TRBV6-1*01	TRBJ1-2*01	CGAEMNTGNQLYF	tgtggtgcagaaatgaacaccggtaaccagttgtatttt	CGAEPGGSGNKLIF	tgtggtgcagagcctggcggtagtggaaacaagctcatcttt	CASSENFGGGYDYTF	tgtgccagcagtgagaatttcgggggcggctatgactacaccttc	8	7	14	2	1
clonotype113	UNK_S	6	TRAV18*01	TRAJ40*01			TRBV23-1*01	TRBJ1-5*01	CVLSVTTGNYKYIF	tgtgttctgagtgtaaccacaggaaactacaaatacatcttt			CASSLGLSNQPQYF	tgtgccagcagccttgggcttagcaatcagccccagtatttt	6	0	6	1	1
clonotype1142	UNK_S	1	TRAV4*01	TRAJ27*01			TRBV2-1*01	TRBJ2-6*01	CLVGDTNADKLTF	tgcctcgtgggtgacaccaatgcagacaaattaaccttt			CASSRGFPGASVLTF	tgtgccagcagtcgggggttccctggggccagcgtcctgactttc	1	0	1	1	1
clonotype1146	UNK_S	1	TRAV25-1*01	TRAJ39*01			TRBV4-2*01	TRBJ2-3*01	CSQNAGNVLTF	tgctcacaaaatgcaggcaacgtgctcacattt			CASSLLTTGVGDPQYF	tgcgccagcagcctcctaacgacaggggtcggagatccgcagtatttt	1	0	1	1	1
clonotype1148	UNK_S	1	TRAV39*01	TRAJ34*01			TRBV6-3*01	TRBJ2-3*01	CAVDRNANKLIF	tgcgccgtggacaggaacgccaacaagctcatcttt			CASRQLGGIRTDPQYF	tgtgccagcagacaactcgggggaatacgcacagatccgcagtatttt	1	0	1	1	1
clonotype115	UNK_S	6	TRAV25*01	TRAJ34*01	TRAV25*01	TRAJ11*01	TRBV23-1*01	TRBJ1-1*01	CAEDYNANKLIF	tgcgcagaagattataacgccaacaagctcatcttt	CAGRYSTLTF	tgcgcaggacgatacagcacactcaccttt	CASSPPGVLQSKAFF	tgtgccagcagcccccctggggttttgcagagtaaagctttcttt	7	6	12	2	1
clonotype1150	UNK_S	1	TRAV22-3*01	TRAJ54*01			TRBV6-1*01	TRBJ2-4*01	CAVDWGAQKLVF	tgtgctgtggactggggagcccagaagctggtattt			CASSEWLTGSQNTQYF	tgtgccagcagtgagtggttgactggaagccaaaacactcagtacttc	7	0	7	1	1
clonotype1153	UNK_S	1	TRAV22-3*01	TRAJ48*01			TRBV11-1*01	TRBJ2-3*01	CAGSNFGNEKLTF	tgtgctgggtctaactttggaaatgagaaattaaccttt			CASSLFSRVRDPQYF	tgtgccagcagcttattctccagggtgagagatccgcagtatttt	1	0	1	1	1
clonotype1155	UNK_S	1	TRAV13-1*01	TRAJ43*01			TRBV7-4*01	TRBJ2-5*01	CAAGNNNDIHF	tgtgcagcaggcaacaacaatgacatacacttt			CASSLAVGVQETQYF	tgtgccagcagcttagcggtgggggtccaagagacccagtacttc	1	0	1	1	1
clonotype116	UNK_S	6	TRAV23-4*01	TRAJ34*01			TRBV10-1*01	TRBJ1-4*01	CAATYNANKLIF	tgcgcagcaacctataacgccaacaagctcatcttt			CASSGVRDRSNEKLFF	tgcgccagcagtggtgtccgggacagatcgaatgaaaaactgtttttt	6	0	6	1	1
clonotype1160	UNK_S	1	TRAV25*01	TRAJ53*01			TRBV6-1*01	TRBJ2-2*01	CAVNSGGSNYKLTF	tgcgcagttaatagtggaggtagcaactataaactgacattt			CASRGLGGALTAQLFF	tgtgccagcagaggactggggggagctcttaccgcgcagctgttcttt	1	0	1	1	1
clonotype1166	UNK_S	1	TRAV20*01	TRAJ24*01			TRBV2-1*01	TRBJ1-5*01	CAVTTDSWGKLQF	tgtgctgtcacaactgacagctgggggaaattgcagttt			CASTTGMGGNQPQYF	tgtgccagtacgacagggatgggaggcaatcagccccagtatttt	1	0	1	1	1
clonotype117	UNK_S	6	TRAV29*01	TRAJ37*01			TRBV4-3*01	TRBJ2-4*01	CAAGVASSNTGKLIF	tgtgcagcaggtgttgcctctagcaacacaggcaaactgatcttt			CASSQGGGRGQNTQYF	tgcgccagcagccaaggaggggggcgcggccaaaacactcagtacttc	6	0	6	1	1
clonotype1172	UNK_S	1	TRAV13-1*01	TRAJ15*02			TRBV21-1*01	TRBJ2-2*01	CAARNQAGTALIF	tgcgcagcaaggaaccaggctggaactgcactgatcttt			CASSKAQQGSAQLFF	tgtgccagcagcaaagcgcagcagggctccgcgcagctgttcttt	1	0	1	1	1
clonotype1173	UNK_S	1	TRAV8-4*01	TRAJ32*01			TRBV3-1*01	TRBJ2-2*01	CAAGGGSGNKLIF	tgtgctgcgggtggcggtagtggaaacaagctcatcttt			CASSQMGGGGTAQLFF	tgtgccagcagccaaatggggggaggagggaccgcgcagctgttcttt	1	0	1	1	1
clonotype1174	UNK_S	1	TRAV8-4*01	TRAJ32*01			TRBV3-1*01	TRBJ2-2*01	CAAGGGSGNKLIF	tgtgctgcgggtggcggtagtggaaacaagctcatcttt			CASSQMGGVGTAQLFF	tgtgccagcagccaaatggggggagtagggaccgcgcagctgttcttt	1	0	1	1	1
clonotype1175	UNK_S	1	TRAV8-4*01	TRAJ32*01			TRBV3-4*01	TRBJ2-2*01	CAAGGGSGNKLIF	tgtgctgcgggtggcggtagtggaaacaagctcatcttt			CASSQMGGVGTAQLFF	tgtgccagcagccaaatggggggagtagggaccgcgcagctgttcttt	1	0	1	1	1
clonotype1176	UNK_S	1	TRAV17*01	TRAJ20*02			TRBV20-1*01	TRBJ2-5*01	CATNRVNNNYKLSF	tgtgctacgaatagggtgaataacaactacaagctcagcttt			CSANKGLGGGGWQETQYF	tgcagtgcaaataagggactggggggaggaggttggcaagagacccagtacttc	1	0	1	1	1
clonotype1178	UNK_S	1	TRAV19*01	TRAJ23*01			TRBV23-1*01	TRBJ2-3*01	CARFELGKLIF	tgtgctcggttcgaattgggaaagcttatcttc			CASSQNWGDTDPQYF	tgtgccagcagccaaaattggggggacacagatccgcagtatttt	1	0	1	1	1
clonotype1179	UNK_S	1	TRAV8-7*01	TRAJ35*01			TRBV7-7-1*02	TRBJ2-2*01	CAVSLIGFGNVLHF	tgtgctgtgagtcttataggctttgggaatgtgttgcatttc			CASSFQGGGSAQLFF	tgtgccagcagcttccaggggggcggatccgcgcagctgttcttt	1	0	1	1	1
clonotype1181	UNK_S	2	TRAV8-5*01	TRAJ35*01			TRBV7-6*01	TRBJ2-5*01	CAVTLFGNVLHF	tgtgctgtgaccctctttgggaatgtgttgcatttc			CASSLASGGQETQYF	tgtgccagcagcttagcctctgggggccaagagacccagtacttc	2	0	2	1	1
clonotype1182	UNK_S	1	TRAV13-2*01	TRAJ23*01			TRBV10-1*01	TRBJ1-1*01	CAENYNQAGKLIF	tgtgcagagaattataaccaggcaggaaagcttatcttc			CASSESRVDGLAKAFF	tgcgccagcagtgagtcgagggtcgatggcttagctaaagctttcttt	1	0	1	1	1
clonotype1184	UNK_S	1	TRAV13-2*01	TRAJ37*01			TRBV10-2*01	TRBJ1-6*01	CAETPSNTGKLIF	tgtgcagagacccctagcaacacaggcaaactgatcttt			CASSSPRATGESPLYF	tgtgccagcagcagcccccgtgcgacaggggaatcgcccctctacttt	1	0	1	1	1
clonotype1185	UNK_S	1	TRAV9-2*01	TRAJ50*01			TRBV2-3*01	TRBJ2-5*01	CALRSGTTSYNKLMF	tgtgctctgaggagcgggacaacctcctacaacaagctgatgttt			CASSQLGGLQETQYF	tgtgccagcagtcaactggggggtttacaagagacccagtacttc	1	0	1	1	1
clonotype1188	UNK_S	1	TRAV12-1*01	TRAJ4*01			TRBV10-2*01	TRBJ2-3*01	CAGMFSGGYDKLIF	tgtgcagggatgttttctggtggctacgataagctgattttt			CASSVGRDRGTDPQYF	tgtgccagcagtgtcgggcgggacagggggacagatccgcagtatttt	1	0	1	1	1
clonotype119	UNK_S	5	TRAV6*01	TRAJ39*01			TRBV23-1*01	TRBJ2-5*01	CALRGSAGNVLTF	tgtgctctcaggggaagtgcaggcaacgtgctcacattt			CASMGETQYF	tgtgccagcatgggggagacccagtacttc	5	0	5	1	1
clonotype1190	UNK_S	1	TRAV17*01	TRAJ52*01			TRBV14*01	TRBJ2-4*01	CATVAGGAGYGKLTF	tgtgctacggtcgctggtggtgctggctatggaaagctgacattt			CASSIRDAQYSTQYF	tgtgccagcagcatccgggacgcccaatattccactcagtacttc	1	0	1	1	1
clonotype1192	UNK_S	1	TRAV5*01	TRAJ45*01			TRBV23-1*01	TRBJ1-4*01	CAESIAGGSADRLTF	tgtgcagagagtatagccggaggaagtgctgacagactcaccttt			CASSGRDRGREKLFF	tgtgccagcagcggccgggacagggggagggaaaaactgtttttt	1	0	1	1	1
clonotype1193	UNK_S	1	TRAV38-2*01	TRAJ33*01			TRBV7-4*01	TRBJ2-5*01	CAYRYGSNYQLIW	tgtgcttataggtacggtagcaactatcagttaatctgg			CASSLALPLGETQYF	tgtgccagcagcttagctcttcccctgggggagacccagtacttc	1	0	1	1	1
clonotype1194	UNK_S	1	TRAV19*01	TRAJ31*01			TRBV14*01	TRBJ1-1*01	CALLRNNNDRVIF	tgtgctcttcttcgaaataacaatgacagagtcatcttt			CASSQDLQGGPEAFF	tgtgccagcagccaagatttacagggaggtcctgaagctttcttt	1	0	1	1	1
clonotype1195	UNK_S	1	TRAV8-5*01	TRAJ45*01			TRBV23-1*01	TRBJ1-1*01	CAVSDSGGSADRLTF	tgtgctgtgagtgattcaggaggaagtgctgacagactcaccttt			CASSQSYLLNTEAFF	tgtgccagcagccaatcgtatttgttgaacactgaagctttcttt	1	0	1	1	1
clonotype1196	UNK_S	1	TRAV19*01	TRAJ9*01			TRBV6-2*01	TRBJ1-6*01	CALNEENTGGFKTVF	tgtgctctgaatgaagaaaatactggaggcttcaaaactgtcttt			CASSDGVRDYNSPLYF	tgtgccagcagtgacggtgtcagggactataattcgcccctctacttt	1	0	1	1	1
clonotype1199	UNK_S	1	TRAV29*01	TRAJ39*01			TRBV4-2*01	TRBJ2-3*01	CAASNNAGNVLTF	tgtgcagcaagcaataatgcaggcaacgtgctcacattt			CASSLLTTGVGDPQYF	tgcgccagcagcctcctaacgacaggggtcggagatccgcagtatttt	1	0	1	1	1
clonotype12	UNK_S	19	TRAV22-3*01	TRAJ45*01			TRBV2-1*01	TRBJ1-1*01	CAVEYSGGSADRLTF	tgtgctgtggagtactcaggaggaagtgctgacagactcaccttt			CASSALLMNTEAFF	tgtgccagcagtgcactgctcatgaacactgaagctttcttt	19	0	19	1	1
clonotype122	UNK_S	5	TRAV25*01	TRAJ48*01			TRBV30*01	TRBJ2-5*01	CAGNFGNEKLTF	tgcgcagggaactttggaaatgagaaattaaccttt			CAWIFTGRRETQYF	tgtgcctggatttttacagggcgtcgagagacccagtacttc	5	0	5	1	1
clonotype123	UNK_S	5	TRAV8-7*01	TRAJ40*01			TRBV30*01	TRBJ1-3*01	CAVRTTGNYKYIF	tgtgctgtgaggaccacaggaaactacaaatacatcttt			CAWKRGQGGNTVYF	tgtgcctggaaaaggggacaggggggaaacaccgtgtatttt	5	0	5	1	1
clonotype124	UNK_S	5	TRAV8-2*01	TRAJ37*01			TRBV27*01	TRBJ2-2*01	CAVRSNTGKLIF	tgtgctgtgaggagcaacacaggcaaactgatcttt			CASSLQMRGSAQLFF	tgtgccagcagtttacagatgcgggggtccgcgcagctgttcttt	5	0	5	1	1
clonotype1244	UNK_S	1	TRAV25*01	TRAJ21*01			TRBV7-4*01	TRBJ1-5*01	CAHNFNKFYF	tgcgcacacaacttcaacaaattttacttt			CASSPAAPYSNQPQYF	tgtgccagcagccccgcggccccctatagcaatcagccccagtatttt	1	0	1	1	1
clonotype1245	UNK_S	1	TRAV25-1*01	TRAJ30*01			TRBV4-3*01	TRBJ1-6*01	CAGQGDDKIIF	tgcgcagggcaaggagatgacaaaatcatcttt			CASSQDPPGLYNSPLHF	tgcgccagcagccaagatcccccagggctctataattcgcccctccacttt	1	0	1	1	1
clonotype1246	UNK_S	1	TRAV18*01	TRAJ54*01			TRBV3-4*01	TRBJ2-2*01	CVLRGAQKLVF	tgtgttctgcggggagcccagaagctggtattt			CASSRQTGGENTAQLFF	tgtgccagcagccgccagactgggggagaaaacaccgcgcagctgttcttt	1	0	1	1	1
clonotype1247	UNK_S	1	TRAV17*01	TRAJ26*01			TRBV3-3*01	TRBJ2-1*01	CATAAYGQNFIF	tgtgctacggcggcctatggtcagaattttatcttc			CASSQGHDVWIVGEQFF	tgtgccagcagccaaggccatgacgtatggattgtcggtgagcagttcttt	1	0	1	1	1
clonotype1248	UNK_S	1	TRAV8-3*01	TRAJ26*01			TRBV19*01	TRBJ1-5*01	CAVRNYGQNFIF	tgtgctgtgaggaactatggtcagaattttatcttc			CASSMRTGGDGNQPQYF	tgtgccagtagtatgaggacagggggtgatggcaatcagccccagtatttt	1	0	1	1	1
clonotype1251	UNK_S	2	TRAV36*01	TRAJ31*01			TRBV10-3*01	TRBJ2-1*01	CAVVNNNDRVIF	tgtgctgttgtaaataacaatgacagagtcatcttt			CASSANLGGSSYGEQFF	tgtgccagcagtgccaatctggggggaagctcctacggtgagcagttcttt	2	0	2	1	1
clonotype1252	UNK_S	1	TRAV10*01	TRAJ47*01			TRBV7-10*01	TRBJ1-2*01	CVVSGMDYGNKLIF	tgtgtggtgagcggcatggactatggaaacaagctgatcttc			CASSTRDRVWSHDYTF	tgtgccagcagcacgagagacagggtatggagccatgactacaccttc	1	0	1	1	1
clonotype1254	UNK_S	1	TRAV8-5*01	TRAJ27*01			TRBV3-4*01	TRBJ2-4*01	CAVSDDADKLTF	tgtgctgtgagtgatgatgcagacaaattaaccttt			CASSQDWGGIEGNTQYF	tgtgccagcagccaagactgggggggcattgaggggaacactcagtacttc	1	0	1	1	1
clonotype1255	UNK_S	1	TRAV24-1*01	TRAJ58*01			TRBV6-1*01	TRBJ2-6*01	CAFATGGSRLTF	tgtgcctttgccaccggtggctctaggttgaccttt			CASSEGLATTGASVLTF	tgtgccagcagtgaaggactggcaacaactggggccagcgtcctgactttc	1	0	1	1	1
clonotype1257	UNK_S	1	TRAV19*01	TRAJ31*01			TRBV6-3*01	TRBJ2-6*01	CALKRNNNDRVIF	tgtgctctgaagaggaataacaatgacagagtcatcttt			CASSRDWGSSGASVLTF	tgtgccagcagtcgggactgggggagctctggggccagcgtcctgactttc	1	0	1	1	1
clonotype1258	UNK_S	1	TRAV19*01	TRAJ5*01			TRBV12-3*01	TRBJ1-5*01	CALWETGRRALTF	tgtgctctgtgggaaacgggcaggagagcacttactttt			CASSFIDRASNQPQYF	tgtgccagcagtttcatcgaccgggcgagcaatcagccccagtatttt	1	0	1	1	1
clonotype1259	UNK_S	1	TRAV8-3*01	TRAJ32*01			TRBV19*01	TRBJ1-5*01	CAVNDAYYGGSGNKLIF	tgtgctgtgaatgatgcctattatggcggtagtggaaacaagctcatcttt			CASSMRTGGDGNQPQYF	tgtgccagtagtatgaggacagggggtgatggcaatcagccccagtatttt	1	0	1	1	1
clonotype1262	UNK_S	1	TRAV23-1*01	TRAJ58*01			TRBV11-2*01	TRBJ2-1*01	CAASRMQTGGSRLTF	tgtgcagcaagcaggatgcaaaccggtggctctaggttgaccttt			CASSLGLGDPYNEQFF	tgtgccagcagcctgggactgggggacccctacaatgagcagttcttt	1	0	1	1	1
clonotype1263	UNK_S	1	TRAV29*01	TRAJ52*01			TRBV21-1*01	TRBJ1-1*01	CAASGGAGGAGYGKLTF	tgtgcagcaagcggaggcgctggtggtgctggctatggaaagctgacattt			CASSPWAGGMNTEAFF	tgtgccagcagcccgtgggcagggggaatgaacactgaagctttcttt	1	0	1	1	1
clonotype128	UNK_S	6	TRAV5*01	TRAJ20*02			TRBV6-3*01	TRBJ2-4*01	CAERNNYKLSF	tgtgcagagaggaacaactacaagctcagcttt			CASQRSGTGGGPGF	tgtgccagccaacgctccgggactggggggggacctggcttc	6	0	6	1	1
clonotype1282	UNK_S	1	TRAV1-2*01	TRAJ35*01			TRBV7-7-1*02	TRBJ2-6*01	CAVRDGGFGNVLHF	tgtgctgtgagagatgggggctttgggaacgtgttgcatttc			CASSLYGGSSGASVLTF	tgtgccagcagcttatacggggggagctccggggccagcgtcctgactttc	1	0	1	1	1
clonotype1283	UNK_S	1	TRAV17*01	TRAJ36*01			TRBV4-2*01	TRBJ2-5*01	CGTGVNNLFF	tgtgggactggggtaaacaacctcttcttt			CASSQEIDWGELQETQYF	tgcgccagcagccaagagatcgactggggggagctccaggagacccagtacttc	1	0	1	1	1
clonotype1285	UNK_S	1	TRAV17*01	TRAJ23*01			TRBV3-4*01	TRBJ2-2*01	CATNNQAGKLIF	tgtgctacgaataaccaggcaggaaagcttatcttc			CASSQDLPGGASTAQLFF	tgtgccagcagccaagatctcccggggggagcttctaccgcgcagctgttcttt	1	0	1	1	1
clonotype1286	UNK_S	1	TRAV22-3*01	TRAJ17*01	TRAV2*01	TRAJ34*01	TRBV4-2*01	TRBJ2-2*01	CAVEGYVASNKLTF	tgtgctgtggaagggtatgttgcaagcaacaagctaactttt	CAVESHSYNANKLIF	tgtgctgtggagtcccactcttataacgccaacaagctcatcttt	CASSQDLPGGAIAAQLFF	tgcgccagcagccaagatcttccggggggagctatagccgcgcagctgttcttt	2	1	2	2	1
clonotype1289	UNK_S	1	TRAV21*01	TRAJ53*01			TRBV6-3*01	TRBJ2-4*01	CAVRWLGGGSNYKLTF	tgtgctgtgagatggctgggtggaggtagcaactataaactgacattt			CASSYSEFPFDSQNTQYF	tgtgccagcagttactctgagtttcctttcgacagccaaaacactcagtacttc	1	0	1	1	1
clonotype129	UNK_S	5	TRAV12-1*01	TRAJ39*01			TRBV2-1*01	TRBJ2-1*01	CAVRIMAGNVLTF	tgtgcagtgcgtataatggcgggcaacgtgctcacattt			CASSEALGGVYGEQFF	tgtgccagcagtgaagcgctggggggagtctacggtgagcagttcttt	5	0	5	1	1
clonotype1290	UNK_S	1	TRAV8-5*01	TRAJ50*01			TRBV23-1*01	TRBJ1-6*01	CAVSDPPTSYNKLMF	tgtgctgtgagtgaccccccaacctcctacaacaagctgatgttt			CASSQPGTATYNSPLHF	tgtgccagcagccaacccgggacagcgacttataattcgcccctccacttt	1	0	1	1	1
clonotype13	UNK_S	17	TRAV27*01	TRAJ41*01			TRBV24-1*01	TRBJ1-6*01	CAGGGNSNSGYALNF	tgtgcaggaggagggaactcaaactccgggtatgcactgaacttc			CATSVTGYSPLHF	tgtgccaccagtgttacagggtactcgcccctccacttt	17	0	17	1	1
clonotype130	UNK_S	5	TRAV13-2*01	TRAJ50*01			TRBV4-3*01	TRBJ1-4*01	CAENMGATSYNKLMF	tgtgcagagaatatgggggcaacctcctacaacaagctgatgttt			CASSQELTDEKLFF	tgcgccagcagccaagaattgacagacgaaaaactgtttttt	5	0	5	1	1
clonotype1307	UNK_S	1	TRAV6*01	TRAJ28*01			TRBV6-3*01	TRBJ2-2*01	CALWGNSGAGSYQLTF	tgtgctctatggggcaactctggggctgggagttaccaactcactttc			CASSYRLGTGGVNTAQLFF	tgtgccagcagttaccggctcgggacagggggagttaacaccgcgcagctgttcttt	1	0	1	1	1
clonotype1308	UNK_S	1	TRAV23-4*01	TRAJ60*01			TRBV4-3*01	TRBJ2-2*01	CAAVGLNTEMLNF	tgtgcagcagtcgggttgaacaccgagatgctcaacttt			CASSRNRGAQGINTAQLFF	tgcgccagcagccgaaacaggggggcgcagggaattaacaccgcgcagctgttcttt	1	0	1	1	1
clonotype1309	UNK_S	1	TRAV23-4*01	TRAJ9*01			TRBV4-3*01	TRBJ2-2*01	CAAIGNTGGFKTVF	tgtgcagcaattggaaatactggaggcttcaaaactgtcttt			CASSRNRGAQGINTAQLFF	tgcgccagcagccgaaacaggggggcgcagggaattaacaccgcgcagctgttcttt	1	0	1	1	1
clonotype131	UNK_S	5	TRAV29*01	TRAJ54*01	TRAV41*01	TRAJ33*01	TRBV9*01	TRBJ1-2*01	CAATGETQGAQKLVF	tgtgcagcaacgggagaaactcagggagcccagaagctggtattt	CAVSPNYQLIW	tgtgctgtgagccccaactatcagttaatctgg	CASSWGQGNYDYTF	tgtgccagcagctggggacagggcaactatgactacaccttc	6	5	10	2	1
clonotype132	UNK_S	5	TRAV17*01	TRAJ8*01			TRBV10-2*01	TRBJ1-2*01	CGGDTGFQKLVF	tgtggaggggacacaggctttcagaaactcgtattc			CASSDFWGTNDYTF	tgtgccagcagtgatttctgggggacaaatgactacaccttc	5	0	5	1	1
clonotype1337	UNK_S	1	TRAV8-5*01	TRAJ24*01			TRBV3-4*01	TRBJ2-2*01	CAVTDSWGKLQF	tgtgcggtaactgacagctgggggaaattgcagttt			CASSHQTPRVVAGGASTAQLFF	tgtgccagcagccatcaaaccccccgggtggtggcggggggagcgagcaccgcgcagctgttcttt	1	0	1	1	1
clonotype134	UNK_S	6	TRAV18*01	TRAJ54*01			TRBV7-10*01	TRBJ1-5*01	CVLRGTHTQGAQKLVF	tgtgttctgagaggaactcatactcagggagcccagaagctggtattt			CASSLYSNQPQYF	tgtgccagcagcctgtatagcaatcagccccagtatttt	6	0	6	1	1
clonotype136	UNK_S	5	TRAV29*01	TRAJ44*01			TRBV2-3*01	TRBJ2-1*01	CAASGAGIASKLTF	tgtgcagcaagcggtgccggcattgccagtaaactcaccttt			CASSMTRGYGEQFF	tgtgccagcagtatgacaagaggctacggtgagcagttcttt	5	0	5	1	1
clonotype138	UNK_S	5	TRAV8-4*01	TRAJ39*01			TRBV3-1*01	TRBJ2-6*01	CAVGVNNAGNVLTF	tgtgctgtgggggtcaataatgcaggcaacgtgctcacattt			CASSSIPSGASVLTF	tgtgccagcagttcgataccatctggggccagcgtcctgactttc	5	0	5	1	1
clonotype139	UNK_S	5	TRAV34*01	TRAJ34*01			TRBV15*01	TRBJ1-5*01	CGGDGNANKLIF	tgtggaggagacggaaacgccaacaagctcatcttt			CASSKFRDRGHQPQYF	tgtgccagcagcaaattccgggacaggggacatcagccccagtatttt	5	0	5	1	1
clonotype141	UNK_S	6	TRAV22-3*01	TRAJ32*01	TRAV22-3*01	TRAJ54*01	TRBV4-1*01	TRBJ1-5*01	CAVGNYGGSGNKLIF	tgtgctgtggggaattatggcggtagtggaaacaagctcatcttt	CAVDWGAQKLVF	tgtgctgtggactggggagcccagaagctggtattt	CASSHETRDRGLPQYF	tgcgccagcagccacgagacgcgggacagggggttgccccagtatttt	6	5	11	2	1
clonotype142	UNK_S	5	TRAV19*01	TRAJ16*01			TRBV27*01	TRBJ2-1*01	CALNEAGGQKLLF	tgtgctctgaatgaagcaggaggccagaagctgctcttt			CASRNKGGPSYGEQFF	tgtgccagcagaaacaagggggggccctcctacggtgagcagttcttt	5	0	5	1	1
clonotype143	UNK_S	5	TRAV19*01	TRAJ48*01	TRAV8-4*01	TRAJ43*01	TRBV12-3*01	TRBJ2-7*01	CALKRESNFGNEKLTF	tgtgctctgaaaagagagtctaactttggaaatgagaaattaaccttt	CAVGINNNDIHF	tgtgctgtgggcatcaacaacaatgacatacacttt	CASSVDWGTSYEQYF	tgtgccagcagtgtggactgggggacctcctacgagcagtacttc	6	5	10	2	1
clonotype144	UNK_S	5	TRAV18*01	TRAJ16*01			TRBV23-1*01	TRBJ2-4*01	CVLSYISDGQKLLF	tgtgttctgagttatatttcagatggccagaagctgctcttt			CASSQSGGFSQNTQYF	tgtgccagcagccaatccgggggatttagccaaaacactcagtacttc	5	0	5	1	1
clonotype145	UNK_S	5	TRAV5*01	TRAJ11*01			TRBV7-9*01	TRBJ2-3*01	CAGSPNSGYSTLTF	tgtgcagggtcaccgaattcaggatacagcacactcaccttt			CASSLRVWGAVTDPQYF	tgtgccagcagcttacgagtctggggggcagtcacagatccgcagtatttt	5	0	5	1	1
clonotype146	UNK_S	5	TRAV38-1*01	TRAJ41*01			TRBV11-2*01	TRBJ2-4*01	CAFIPSNSNSGYALNF	tgtgctttcataccatcgaactcaaactccgggtatgcactgaacttc			CASSLIGQGSVRQNTQYF	tgtgccagcagcttaattggacaggggtccgttcgacaaaacactcagtacttc	5	0	5	1	1
clonotype147	UNK_S	5	TRAV1-1*01	TRAJ32*01	TRAV1-1*01	TRAJ27*01	TRBV15*01	TRBJ2-4*01	CAVGGSGNKLIF	tgtgctgtggggggtagtggaaacaagctcatcttt	CAADKLTF	tgtgctgcagacaaattaaccttt	CASSKEGAGGSFIQNTQYF	tgtgccagcagcaaagaaggggccggggggagtttcattcaaaacactcagtacttc	6	5	10	2	1
clonotype149	UNK_S	5	TRAV23-4*01	TRAJ3*01			TRBV2-3*01	TRBJ2-4*01	CAARGSSASKIIF	tgcgcagcaagagggagcagtgcttccaagatcatcttt			CASSNQGSDTQYF	tgtgccagcagtaaccaagggtcggacactcagtacttc	5	0	5	1	1
clonotype15	UNK_S	17	TRAV20*01	TRAJ18*01			TRBV21-1*01	TRBJ2-7*01	CAVQAGGSTLGKLYF	tgtgctgtgcaagcgggaggctcaaccctggggaagctatacttt			CASSPQPDRAGEQYF	tgtgccagcagcccccagcccgacagggccggcgagcagtacttc	17	0	17	1	1
clonotype151	UNK_S	4	TRAV22-3*01	TRAJ31*01	TRAV4*01	TRAJ31*01	TRBV12-2*01	TRBJ1-1*01	CAVEGNNDRVIF	tgtgctgtggaggggaacaatgacagagtcatcttt	CLVVRNNNDRVIF	tgcctcgtggtaaggaataacaatgacagagtcatcttt	CASSLGQNTEAFF	tgtgccagcagtttagggcagaacactgaagctttcttt	5	4	8	2	1
clonotype156	UNK_S	4	TRAV25-1*01	TRAJ13*01	TRAV25*01	TRAJ13*01	TRBV23-1*01	TRBJ2-2*01	CAGLRGSYQKVTF	tgcgcagggttgcggggaagctaccagaaagttaccttt	CAGLRGSYQKVTF	tgcgcagggttgcggggaagctaccagaaagttaccttt	CASSQSSTNTAQLFF	tgtgccagcagccaatcaagtactaacaccgcgcagctgttcttt	5	4	8	2	1
clonotype158	UNK_S	4	TRAV13-1*01	TRAJ40*01			TRBV2-2*01	TRBJ1-2*01	CAATDTGNYKYIF	tgtgcagcgacggacacaggaaactacaaatacatcttt			CASSEWADYTF	tgtgccagcagtgagtgggctgactacaccttc	4	0	4	1	1
clonotype163	UNK_S	4	TRAV21*01	TRAJ48*01	TRAV21*01	TRAJ13*01	TRBV27*01	TRBJ2-1*01	CAVTNFGNEKLTF	tgtgctgtcactaactttggaaatgagaaattaaccttt	CAVPSGSYQKVTF	tgtgctgttccctctggaagctaccagaaagttaccttt	CASTVGVYNEQFF	tgtgccagcacggtgggggtctacaatgagcagttcttt	5	4	8	2	1
clonotype165	UNK_S	4	TRAV9-2*01	TRAJ16*01			TRBV11-2*01	TRBJ1-1*01	CALSWFSDGQKLLF	tgtgctctgagttggttttcagatggccagaagctgctcttt			CASSLGTPNTEAFF	tgtgccagcagcctagggacaccgaacactgaagctttcttt	4	0	4	1	1
clonotype167	UNK_S	4	TRAV35*01	TRAJ22*01			TRBV12-3*01	TRBJ1-2*01	CAGPSDSGWQLTF	tgtgccgggccttctgattctggctggcaactgaccttt			CASRLGQGYDYTF	tgtgccagcagactaggacaggggtacgactacaccttc	4	0	4	1	1
clonotype168	UNK_S	4	TRAV17*01	TRAJ24*01	TRAV23-1*01	TRAJ50*01	TRBV6-1*01	TRBJ1-1*01	CATLTDSWGKLQF	tgtgctaccttaactgacagctgggggaaattgcagttt	CAASITTSYNKLMF	tgtgcagcaagcatcacaacctcctacaacaagctgatgttt	CASSEIEGNTEAFF	tgtgccagcagtgaaattgaagggaacactgaagctttcttt	5	4	8	2	1
clonotype171	UNK_S	4	TRAV30*01	TRAJ45*01			TRBV7-10*01	TRBJ1-2*01	CGAEIAGGSADRLTF	tgtggtgcagagattgcaggaggaagtgctgacagactcaccttt			CASSFITNYDYTF	tgtgccagcagcttcatcactaactatgactacaccttc	4	0	4	1	1
clonotype172	UNK_S	4	TRAV20*01	TRAJ57*01			TRBV2-3*01	TRBJ2-4*01	CAVQSLLQGGSEKLVF	tgtgctgtgcagtcccttcttcagggcggatctgaaaagctcgtcttt			CASSDRSSNTQYF	tgtgccagcagtgatcggagttccaacactcagtacttc	4	0	4	1	1
clonotype173	UNK_S	4	TRAV23-4*01	TRAJ31*01			TRBV10-3*01	TRBJ2-1*01	CAASKNNNDRVIF	tgcgcagcaagcaaaaataacaatgacagagtcatcttt			CASSELAGGNEQFF	tgtgccagcagtgaattggcaggaggcaatgagcagttcttt	4	0	4	1	1
clonotype177	UNK_S	4	TRAV35*01	TRAJ53*01			TRBV24-1*01	TRBJ2-1*01	CAGQFSGGSNYKLTF	tgtgccgggcaatttagtggaggtagcaactataaactgacattt			CATSDPGLIQGEQFF	tgtgccaccagtgatccgggacttatacagggtgagcagttcttt	4	0	4	1	1
clonotype179	UNK_S	4	TRAV8-4*01	TRAJ4*01			TRBV28*01	TRBJ2-3*01	CAVGSGGYDKLIF	tgtgctgtgggttctggtggctacgataagctgattttt			CASKTGGIRTDPQYF	tgtgccagcaaaacaggggggatcaggacagatccgcagtatttt	4	0	4	1	1
clonotype18	UNK_S	18	TRAV16*01	TRAJ35*01			TRBV6-1*01	TRBJ2-7*01	CALRAGFGNVLHF	tgtgctctaagggcgggctttgggaatgtgttgcatttc			CASRAGAYEQYF	tgtgccagcagagccggggcctacgagcagtacttc	18	0	18	1	1
clonotype180	UNK_S	4	TRAV14-2*01	TRAJ44*01	TRAV14-2*01	TRAJ18*01	TRBV21-1*01	TRBJ2-7*01	CAMREINTGIASKLTF	tgtgcaatgagagaaataaacaccggcattgccagtaaactcaccttt	CAMRGNRGSTLGKLYF	tgtgcaatgagagggaacagaggctcaaccctggggaagctatacttt	CASSRGQISYEQYF	tgtgccagcagcaggggacagatctcctacgagcagtacttc	5	4	8	2	1
clonotype184	UNK_S	4	TRAV4*01	TRAJ20*02			TRBV11-1*01	TRBJ1-5*01	CLVGGGYKLSF	tgcctcgtgggggggggctacaagctcagcttt			CASSSGQGSNQPQYF	tgtgccagcagctccggacaggggagcaatcagccccagtatttt	4	0	4	1	1
clonotype185	UNK_S	4	TRAV17*01	TRAJ8*01			TRBV28*01	TRBJ1-5*01	CASNTGFQKLVF	tgtgcttcgaacacaggctttcagaaactcgtattc			CASSSSGTGVSQPQYF	tgtgccagcagttcctccgggacaggggtttctcagccccagtatttt	4	0	4	1	1
clonotype186	UNK_S	4	TRAV5*01	TRAJ39*01			TRBV10-1*01	TRBJ2-7*01	CAENNAGNVLTF	tgtgcagagaataatgcaggcaacgtgctcacattt			CASSESMGRGSDEQYF	tgcgccagcagtgagtcgatggggagagggtccgacgagcagtacttc	4	0	4	1	1
clonotype187	UNK_S	4	TRAV17*01	TRAJ5*01			TRBV11-3*01	TRBJ2-2*01	CATVHTGRRALTF	tgtgctacggtacacacgggcaggagagcacttactttt			CASSHRGANTAQLFF	tgtgccagcagtcacaggggcgcgaacaccgcgcagctgttcttt	4	0	4	1	1
clonotype189	UNK_S	4	TRAV20*01	TRAJ57*01			TRBV6-1*01	TRBJ1-5*01	CAVPPITQGGSEKLVF	tgtgctgtgccccctataactcagggcggatctgaaaagctcgtcttt			CASRPPGGVSNQPQYF	tgtgccagcaggccccctggaggggtgagcaatcagccccagtatttt	4	0	4	1	1
clonotype190	UNK_S	5	TRAV8-2*01	TRAJ32*01			TRBV6-1*01	TRBJ2-7*01	CAVNDAYYGGSGNKLIF	tgtgctgtgaatgatgcctattatggcggtagtggaaacaagctcatcttt			CASSEEFRTSRSEQYF	tgtgccagcagtgaagagttccggacatcccgttccgagcagtacttc	5	0	5	1	1
clonotype194	UNK_S	4	TRAV35*01	TRAJ37*01	TRAV35*01	TRAJ60*01	TRBV12-2*01	TRBJ2-2*01	CAGQQASSNTGKLIF	tgtgccgggcaacaagcctctagcaacacaggcaaactgatcttt	CAGQWNTEMLNF	tgtgccgggcaatggaacaccgagatgctcaacttt	CASSLTKTGGRFTAQLFF	tgtgccagcagtttaaccaaaacaggggggcgattcaccgcgcagctgttcttt	5	4	8	2	1
clonotype197	UNK_S	3	TRAV16*01	TRAJ21*01			TRBV7-4*01	TRBJ2-1*01	CAVYNFNKFYF	tgtgctgtatacaacttcaacaaattttacttt			CASSTYRVGGEQFF	tgtgccagcagcacgtacagggtgggcggtgagcagttcttt	3	0	3	1	1
clonotype198	UNK_S	3	TRAV4*01	TRAJ26*01			TRBV2-1*01	TRBJ2-1*01	CLVGDNYGQNFIF	tgcctcgtgggggataactatggtcagaattttatcttc			CASSPREGSYGEQFF	tgtgccagcagccctcgggagggttcctacggtgagcagttcttt	3	0	3	1	1
clonotype199	UNK_S	3	TRAV22-3*01	TRAJ45*01			TRBV14*01	TRBJ2-4*01	CAVVGSADRLTF	tgtgctgtggtcggaagtgctgacagactcaccttt			CASSQDQGIQYF	tgtgccagcagccaagaccaggggattcagtacttc	3	0	3	1	1
clonotype20	UNK_S	15	TRAV18*01	TRAJ12*01	TRAV9-2*01	TRAJ13*01	TRBV29-1*01	TRBJ2-7*01	CVLRGDSDYKLIF	tgtgttctgagaggggatagcgactataaattgatcttt	CALSFGSGSYQKVTF	tgtgctctgtccttcggctctggaagctaccagaaagttaccttt	CSVAGTVKEQYF	tgcagcgtggccgggacggtaaaggagcagtacttc	16	15	30	2	1
clonotype200	UNK_S	3	TRAV4*01	TRAJ24*01			TRBV29-1*01	TRBJ1-3*01	CLVGDGDSWGKLQF	tgcctcgtgggtgatggtgacagctgggggaaattgcagttt			CSVADRGDSGNTVYF	tgcagcgtagcggacaggggggattctggaaacaccgtgtatttt	3	0	3	1	1
clonotype201	UNK_S	3	TRAV22-3*01	TRAJ34*01			TRBV29-1*01	TRBJ2-7*01	CAGDNANKLIF	tgtgctggggataacgccaacaagctcatcttt			CSVEFQTYEQYF	tgcagcgttgagtttcagacctacgagcagtacttc	3	0	3	1	1
clonotype202	UNK_S	3	TRAV41*01	TRAJ34*01			TRBV12-2*01	TRBJ1-5*01	CAVWANKLIF	tgtgctgtttgggccaacaagctcatcttt			CASSLLQGNQPQYF	tgtgccagcagtttgctacaggggaatcagccccagtatttt	3	0	3	1	1
clonotype203	UNK_S	3	TRAV9-2*01	TRAJ43*01			TRBV3-1*01	TRBJ2-5*01	CALSDPGDIHF	tgtgctctgagtgatcctggtgacatacacttt			CASSQGSKGLETQYF	tgtgccagcagccaaggttccaagggtttggagacccagtacttc	3	0	3	1	1
clonotype204	UNK_S	3	TRAV25*01	TRAJ18*01			TRBV10-2*01	TRBJ2-1*01	CAGNGGSTLGKLYF	tgcgcagggaatggaggctcaaccctggggaagctatacttt			CASSAAAGQFF	tgtgccagcagtgcggcagcgggccagttcttt	3	0	3	1	1
clonotype205	UNK_S	3	TRAV20*01	TRAJ53*01			TRBV19*01	TRBJ1-5*01	CARNSGGSNYKLTF	tgtgctaggaatagtggaggtagcaactataaactgacattt			CASSMGQPQYF	tgtgccagtagtatgggacagccccagtatttt	3	0	3	1	1
clonotype206	UNK_S	3	TRAV20*01	TRAJ8*01			TRBV7-2*03	TRBJ2-7*01	CAVYRANTGFQKLVF	tgtgctgtgtaccgggcgaacacaggctttcagaaactcgtattc			CASSKYEQYF	tgtgccagcagcaaatacgagcagtacttc	3	0	3	1	1
clonotype207	UNK_S	3	TRAV29*01	TRAJ43*01	TRAV20*01	TRAJ54*01	TRBV20-1*01	TRBJ1-6*01	CAASGGNNDIRF	tgtgcagcaagcggaggcaacaatgacatacgcttt	CAVQAQGAQKLVF	tgtgctgtgcaagctcagggagcccagaagctggtattt	CSARDQGKSPLYF	tgcagtgctagagatcagggaaaatcgcccctctacttt	4	3	6	2	1
clonotype208	UNK_S	3	TRAV29*01	TRAJ40*01			TRBV28*01	TRBJ2-7*01	CAASEGGNYKYIF	tgtgcagcaagcgagggaggaaactacaaatacatcttt			CASSLFSEQYF	tgtgccagcagtttattctccgagcagtacttc	3	0	3	1	1
clonotype209	UNK_S	3	TRAV9-2*01	TRAJ40*01			TRBV6-1*01	TRBJ1-6*01	CALSRGNYKYIF	tgtgctctgagtcgaggaaactacaaatacatcttt			CASSPFRSTQERRNSPLHF	tgtgccagcagtcccttccggagtacacaggagaggcggaattcgcccctccacttt	3	0	3	1	1
clonotype210	UNK_S	3	TRAV22-3*01	TRAJ17*01			TRBV11-3*01	TRBJ1-4*01	CAVPINVASNKLTF	tgtgctgtgcctatcaatgttgcaagcaacaagctaactttt			CASSRGGDDEKLFF	tgtgccagcagccgtgggggcgatgatgaaaaactgtttttt	3	0	3	1	1
clonotype211	UNK_S	3	TRAV18*01	TRAJ20*02			TRBV10-2*01	TRBJ2-5*01	CVLGASNNYKLSF	tgtgttctgggagcctctaacaactacaagctcagcttt			CASSEQGKTQYF	tgtgccagcagtgaacaggggaagacccagtacttc	3	0	3	1	1
clonotype212	UNK_S	3	TRAV1-2*01	TRAJ28*01			TRBV28*01	TRBJ2-7*01	CAAQSGAGSYQLTF	tgtgctgcccaatctggggctgggagttaccaactcactttc			CASSDRANEQYF	tgtgccagcagtgacagggccaacgagcagtacttc	3	0	3	1	1
clonotype213	UNK_S	3	TRAV19*01	TRAJ22*01			TRBV30*01	TRBJ2-3*01	CALNEPDSGWQLTF	tgtgctctgaatgaacccgattctggctggcaactgaccttt			CAWSGGQVTDPQYF	tgtgcctggagcgggggacaggtcacagatccgcagtatttt	3	0	3	1	1
clonotype214	UNK_S	3	TRAV5*01	TRAJ32*01			TRBV4-2*01	TRBJ2-5*01	CAESPNYGGSGNKLIF	tgtgcagagagtccgaattatggcggtagtggaaacaagctcatcttt			CASSQVRETQYF	tgcgccagcagccaagttcgcgagacccagtacttc	3	0	3	1	1
clonotype215	UNK_S	3	TRAV9-2*01	TRAJ40*01			TRBV25-1*01	TRBJ2-7*01	CALSLTGNYKYIF	tgtgctctgagcttaacaggaaactacaaatacatcttt			CASTGQSSYEQYF	tgtgccagcacgggacagagctcctacgagcagtacttc	3	0	3	1	1
clonotype216	UNK_S	3	TRAV5*01	TRAJ26*01			TRBV23-1*01	TRBJ1-6*01	CAEKDYGQNFIF	tgtgcagagaaggattatggtcagaattttatcttc			CASSQPGTATYNSPLHF	tgtgccagcagccaacccgggacagcgacttataattcgcccctccacttt	3	0	3	1	1
clonotype217	UNK_S	3	TRAV36*01	TRAJ29*01			TRBV6-1*01	TRBJ1-1*01	CAVVGGSRALVF	tgtgctgtggttgggggaagcagagctcttgtcttt			CASRSQGGVNTEAFF	tgtgccagcaggtcgcaggggggcgtgaacactgaagctttcttt	3	0	3	1	1
clonotype218	UNK_S	3	TRAV18*01	TRAJ43*01			TRBV19*01	TRBJ2-6*01	CVLRDRESNNDIRF	tgtgttctgagagatcgtgagagcaacaatgacatacgcttt			CATTWNSGASVLTF	tgtgccaccacgtggaactctggggccagcgtcctgactttc	3	0	3	1	1
clonotype219	UNK_S	3	TRAV14-2*01	TRAJ5*01			TRBV7-2*03	TRBJ2-7*01	CAMRDTGRRALTF	tgtgcaatgagagatacgggcaggagagcacttactttt			CASSLVAYEQYF	tgtgccagcagcttagtagcctacgagcagtacttc	3	0	3	1	1
clonotype220	UNK_S	3	TRAV25*01	TRAJ32*01			TRBV10-2*01	TRBJ2-4*01	CAGRDYGGSGNKLIF	tgcgcaggccgggactatggcggtagtggaaacaagctcatcttt			CASSESAGGTQYF	tgtgccagcagtgagtcggcggggggcactcagtacttc	3	0	3	1	1
clonotype221	UNK_S	3	TRAV9-2*01	TRAJ9*01			TRBV23-1*01	TRBJ2-5*01	CALSLNTGGFKTVF	tgtgctctgagtctcaatactggaggcttcaaaactgtcttt			CASSQSQILKTQYF	tgtgccagcagccaatctcagattctaaagacccagtacttc	3	0	3	1	1
clonotype222	UNK_S	3	TRAV38-1*01	TRAJ45*01			TRBV6-8*01	TRBJ2-7*01	CAFMRSYSGGSADRLTF	tgtgctttcatgagatcgtattcaggaggaagtgctgacagactcaccttt			CASSDGLGPYEQYF	tgtgccagcagtgacggtctggggccttacgagcagtacttc	3	0	3	1	1
clonotype223	UNK_S	3	TRAV12-3*01	TRAJ47*01			TRBV2-1*01	TRBJ2-5*01	CAGADYGNKLIF	tgtgcgggggcggactatggaaacaagctgatcttc			CASSGGEQETQYF	tgtgccagcagtggaggggagcaagagacccagtacttc	3	0	3	1	1
clonotype224	UNK_S	3	TRAV20*01	TRAJ35*01			TRBV2-3*01	TRBJ1-3*01	CAVHQEGFGNVLHF	tgtgctgtgcatcaagaaggctttgggaatgtgttgcatttc			CASSDNNGNTVYF	tgtgccagcagtgataataatggaaacaccgtgtatttt	3	0	3	1	1
clonotype225	UNK_S	3	TRAV20*01	TRAJ45*01			TRBV7-4*01	TRBJ2-6*01	CGAYSGGSADRLTF	tgtggtgcgtattcaggaggaagtgctgacagactcaccttt			CASSLDRAGASVLTF	tgtgccagcagcctcgacagggctggggccagcgtcctgactttc	3	0	3	1	1
clonotype226	UNK_S	3	TRAV6*01	TRAJ34*01			TRBV7-3*01	TRBJ2-7*01	CALDGYNANKLIF	tgtgctctagacggatataacgccaacaagctcatcttt			CASSPGVGEQYF	tgtgccagcagccctggggtgggcgagcagtacttc	3	0	3	1	1
clonotype227	UNK_S	3	TRAV6*01	TRAJ4*01			TRBV2-2*01	TRBJ1-1*01	CALETGGYDKLIF	tgtgctctagagactggtggctacgataagctgattttt			CASSLGRGITEAFF	tgtgccagcagtctagggcgggggatcactgaagctttcttt	3	0	3	1	1
clonotype228	UNK_S	3	TRAV35*01	TRAJ32*01			TRBV2-3*01	TRBJ1-1*01	CAGLNYGGSGNKLIF	tgtgccgggcttaattatggcggtagtggaaacaagctcatcttt			CASSYSRGTEAFF	tgtgccagcagttactcccgaggaactgaagctttcttt	3	0	3	1	1
clonotype229	UNK_S	3	TRAV2*01	TRAJ40*01	TRAV2*01	TRAJ27*01	TRBV12-2*01	TRBJ2-7*01	CAVGGGTGNYKYIF	tgtgctgtgggggggggcacaggaaactacaaatacatcttt	CALSTNADKLTF	tgtgctcttagcaccaatgcagacaaattaaccttt	CASRTGGISYEQYF	tgtgccagcaggactgggggtatttcctacgagcagtacttc	4	3	6	2	1
clonotype230	UNK_S	3	TRAV8-2*01	TRAJ47*01			TRBV19*01	TRBJ2-5*01	CAVNDRGNKLIF	tgtgctgtgaatgataggggaaacaagctgatcttc			CASSHREVVETQYF	tgtgccagtagtcatagggaggtggtggagacccagtacttc	3	0	3	1	1
clonotype231	UNK_S	3	TRAV23-4*01	TRAJ15*02			TRBV3-1*01	TRBJ2-7*01	CAPSRRQAGTALIF	tgtgcaccctcccgcaggcaggctggaactgcactgatcttt			CASSQGGLGGLEQYF	tgtgccagcagccaaggagggctggggggactcgagcagtacttc	3	0	3	1	1
clonotype232	UNK_S	3	TRAV12-3*01	TRAJ9*01			TRBV10-1*01	TRBJ1-6*01	CAMTSTGGFKTVF	tgtgcaatgacctctactggaggcttcaaaactgtcttt			CASSDLPGQGQNSPLHF	tgcgccagcagtgatttaccgggacagggacaaaattcgcccctccacttt	3	0	3	1	1
clonotype233	UNK_S	3	TRAV8-3*01	TRAJ35*01	TRAV27*01	TRAJ37*01	TRBV2-3*01	TRBJ2-3*01	CAVSDLGGFGNVLHF	tgtgctgtgagtgatctaggaggctttgggaatgtgttgcatttc	CAGDHASSNTGKLIF	tgtgcaggagatcatgcctctagcaacacaggcaaactgatcttt	CASTLGRYTDPQYF	tgtgccagcaccctggggcggtacacagatccgcagtatttt	4	3	6	2	1
clonotype234	UNK_S	3	TRAV14-2*01	TRAJ37*01			TRBV2-2*01	TRBJ1-4*01	CAMRGNTGKLIF	tgtgcaatgaggggcaacacaggcaaactgatcttt			CASSESRGTNEKLFF	tgtgccagcagtgaatcacgggggaccaatgaaaaactgtttttt	3	0	3	1	1
clonotype235	UNK_S	3	TRAV25-1*01	TRAJ11*01			TRBV6-1*01	TRBJ1-4*01	CAGRYSTLTF	tgcgcaggacgatacagcacactcaccttt			CASRGGDRGNEKLFF	tgtgccagcaggggcggggacaggggtaatgaaaaactgtttttt	3	0	3	1	1
clonotype236	UNK_S	3	TRAV4*01	TRAJ36*01			TRBV4-2*01	TRBJ2-6*01	CLVDLQTGVNNLFF	tgcctcgtggatctacaaactggggtaaacaacctcttcttt			CASSRDGSGASVLTF	tgcgccagcagccgggacggctctggggccagcgtcctgactttc	3	0	3	1	1
clonotype237	UNK_S	3	TRAV21*01	TRAJ23*01			TRBV25-1*01	TRBJ2-1*01	CVLGAYNQAGKLIF	tgtgtcctgggggcatataaccaggcaggaaagcttatcttc			CASSELDRDYGEQFF	tgtgccagcagtgaattggacagagactacggtgagcagttcttt	3	0	3	1	1
clonotype238	UNK_S	3	TRAV29*01	TRAJ29*01			TRBV15*01	TRBJ2-1*01	CAAKGNRALVF	tgtgcagcaaaaggaaacagagctcttgtcttt			CASSLDWAYYGEQFF	tgtgccagcagcttggactgggcgtactacggtgagcagttcttt	3	0	3	1	1
clonotype239	UNK_S	3	TRAV23-4*01	TRAJ47*01			TRBV7-6*01	TRBJ1-1*01	CAAGGAGNKLIF	tgcgcagcaggaggggctggaaacaagctgatcttc			CASSLVMGVTEAFF	tgtgccagcagcttagtgatgggagtcactgaagctttcttt	3	0	3	1	1
clonotype240	UNK_S	3	TRAV38-1*01	TRAJ28*01	TRAV38-1*01	TRAJ27*01	TRBV12-3*01	TRBJ2-5*01	CASGASGAGSYQLTF	tgtgcttcaggggcctctggggctgggagttaccaactcactttc	CAYRSFNTNADKLTF	tgtgcttataggagctttaacaccaatgcagacaaattaaccttt	CASSLFREGKETQYF	tgtgccagcagtttattcagggagggtaaagagacccagtacttc	4	3	6	2	1
clonotype242	UNK_S	3	TRAV9-2*01	TRAJ43*01			TRBV10-2*01	TRBJ1-6*01	CALSDHDIHF	tgtgctctgagtgatcatgacatacacttt			CASSSPRATGESPLYF	tgtgccagcagcagcccccgtgcgacaggggaatcgcccctctacttt	3	0	3	1	1
clonotype243	UNK_S	3	TRAV8-4*01	TRAJ37*01			TRBV3-1*01	TRBJ2-7*01	CAVVKTGKLIF	tgtgctgtggttaaaacaggcaaactgatcttt			CASSQIGLGGAREQYF	tgtgccagcagccaaattggactggggggagctcgagagcagtacttc	3	0	3	1	1
clonotype244	UNK_S	3	TRAV6*01	TRAJ40*01			TRBV7-5*01	TRBJ2-1*01	CALGGNYKYIF	tgtgctctagggggaaactacaaatacatcttt			CASSEQGGSYNEQFF	tgtgccagcagcgaacaggggggctcctacaatgagcagttcttt	3	0	3	1	1
clonotype245	UNK_S	3	TRAV3*01	TRAJ10*01	TRAV17*01	TRAJ11*01	TRBV6-8*01	TRBJ2-7*01	CAVRAPGGGNKLTF	tgtgctgtgagagccccgggaggaggaaacaaactcaccttt	CATNPNSGYSTLTF	tgtgctacgaatcccaattcaggatacagcacactcaccttt	CASSAPTLISGSGEQYF	tgtgccagcagtgcaccgaccttaatcagcgggtccggcgagcagtacttc	4	3	6	2	1
clonotype248	UNK_S	2	TRAV4*01	TRAJ35*01	TRAV3*01	TRAJ23*01	TRBV28*01	TRBJ1-4*01	CLVWGFGNVLHF	tgcctcgtgtggggctttgggaatgtgttgcatttc	CAVRDPRGKLIF	tgtgctgtgagagatcccagaggaaagcttatcttc	CASSEYRGSGEKLFF	tgtgccagcagtgaatacaggggatcgggtgaaaaactgtttttt	3	2	4	2	1
clonotype249	UNK_S	2	TRAV25*01	TRAJ21*01			TRBV7-4*01	TRBJ2-7*01	CAHNFNKFYF	tgcgcacacaacttcaacaaattttacttt			CASSLVGGGGSYEQYF	tgtgccagcagcttagtcggggggggaggctcctacgagcagtacttc	2	0	2	1	1
clonotype25	UNK_S	14	TRAV27*01	TRAJ52*01			TRBV20-1*01	TRBJ1-2*01	CAGSLKAGGAGYGKLTF	tgtgcagggtcactaaaagctggtggtgctggctatggaaagctgacattt			CSAKTGANDYTF	tgcagtgctaaaacaggggcgaatgactacaccttc	14	0	14	1	1
clonotype250	UNK_S	2	TRAV35*01	TRAJ40*01			TRBV29-1*01	TRBJ2-7*01	CAGSTTGNYKYIF	tgtgccgggtctaccacaggaaactacaaatacatcttt			CSARIVEQYF	tgcagcgcccggattgtcgagcagtacttc	2	0	2	1	1
clonotype251	UNK_S	2	TRAV4*01	TRAJ27*01			TRBV4-2*01	TRBJ2-6*01	CLVGDTNADKLTF	tgcctcgtgggtgacaccaatgcagacaaattaaccttt			CASSRDGSGASVLTF	tgcgccagcagccgggacggctctggggccagcgtcctgactttc	2	0	2	1	1
clonotype252	UNK_S	2	TRAV12-3*01	TRAJ18*01			TRBV29-1*01	TRBJ2-7*01	CASRGSTLGKLYF	tgtgcatcccgaggctcaaccctggggaagctatacttt			CSVEMNSEQYF	tgcagcgttgagatgaacagcgagcagtacttc	2	0	2	1	1
clonotype253	UNK_S	2	TRAV25-1*01	TRAJ26*01			TRBV7-6*01	TRBJ2-4*01	CAGDNYGQNFIF	tgcgcaggggataactatggtcagaattttatcttc			CASGHGGSGDTQYF	tgtgccagcggccacggggggagcggcgacactcagtacttc	2	0	2	1	1
clonotype254	UNK_S	2	TRAV27*01	TRAJ21*01	TRAV22-3*01	TRAJ22*01	TRBV11-2*01	TRBJ2-3*01	CAGIYNFNKFYF	tgtgcaggtatatacaacttcaacaaattttacttt	CAVPTDSGWQLTF	tgtgctgttccaaccgattctggctggcaactgaccttt	CASSLFSRVRDPQYF	tgtgccagcagcttattctccagggtgagagatccgcagtatttt	3	2	4	2	1
clonotype255	UNK_S	2	TRAV8-2*01	TRAJ27*01			TRBV29-1*01	TRBJ2-7*01	CAVNDGTNADKLTF	tgtgctgtgaatgatggaaccaatgcagacaaattaaccttt			CSVILGGVEQYF	tgcagcgtgatactggggggagtcgagcagtacttc	2	0	2	1	1
clonotype256	UNK_S	2	TRAV19*01	TRAJ12*01			TRBV20-1*01	TRBJ2-7*01	CALNEVDSDYKLIF	tgtgctctgaatgaagtggatagcgactataaattgatcttt			CSARGTVYEQYF	tgcagtgctagagggacggtctacgagcagtacttc	2	0	2	1	1
clonotype258	UNK_S	2	TRAV35*01	TRAJ58*01			TRBV11-2*01	TRBJ2-4*01	CAGQQTGGSRLTF	tgtgccgggcaacaaaccggtggctctaggttgaccttt			CASSQGLGGAWGQNTQYF	tgtgccagcagccaaggactggggggagcttggggccaaaacactcagtacttc	2	0	2	1	1
clonotype259	UNK_S	2	TRAV29*01	TRAJ40*01	TRAV36*01	TRAJ27*01	TRBV20-1*01	TRBJ2-7*01	CAASPTTGNYKYIF	tgtgcagcaagccctaccacaggaaactacaaatacatcttt	CAVGTNADKLTF	tgtgctgtggggaccaatgcagacaaattaaccttt	CSAPGTATYEQYF	tgcagtgccccagggactgccacttacgagcagtacttc	3	2	4	2	1
clonotype26	UNK_S	15	TRAV17*01	TRAJ48*01			TRBV2-1*01	TRBJ2-5*01	CALSFGNEKLTF	tgtgctctatcctttggaaatgagaaattaaccttt			CASSDRGEETQYF	tgtgccagcagtgacaggggggaagagacccagtacttc	15	0	15	1	1
clonotype260	UNK_S	2	TRAV29*01	TRAJ44*01			TRBV20-1*01	TRBJ1-5*01	CAASVSGTGIASKLTF	tgtgcagcaagcgtttcgggcaccggcattgccagtaaactcaccttt			CSARDNEVQPQYF	tgcagtgctagagataatgaggtacagccccagtatttt	2	0	2	1	1
clonotype262	UNK_S	2	TRAV27*01	TRAJ24*01			TRBV23-1*01	TRBJ1-6*01	CAGPTDSWGKLQF	tgtgcaggtccaactgacagctgggggaaattgcagttt			CASRTTTGVAPLHF	tgtgccagcaggactacgacaggagtagcgcccctccacttt	2	0	2	1	1
clonotype263	UNK_S	2	TRAV41*01	TRAJ34*01			TRBV20-1*01	TRBJ1-1*01	CAVNANKLIF	tgtgctgttaacgccaacaagctcatcttt			CSARDTMNTEAFF	tgcagtgcgcgggacaccatgaacactgaagctttcttt	2	0	2	1	1
clonotype264	UNK_S	2	TRAV8-7*01	TRAJ20*02			TRBV19*01	TRBJ2-1*01	CAVSESSNNYKLSF	tgtgctgtgagtgaatcatctaacaactacaagctcagcttt			CASSVNNEQFF	tgtgccagtagtgtgaataatgagcagttcttt	2	0	2	1	1
clonotype267	UNK_S	2	TRAV13-1*01	TRAJ20*02			TRBV19*01	TRBJ1-3*01	CAASINNYKLSF	tgtgcagcgagtataaacaactacaagctcagcttt			CASNIGNTVYF	tgtgccagtaatataggaaacaccgtgtatttt	2	0	2	1	1
clonotype268	UNK_S	2	TRAV17*01	TRAJ34*01			TRBV7-6*01	TRBJ2-5*01	CAPNHNANKLIF	tgtgctccgaaccataacgccaacaagctcatcttt			CASSLPGGSGETQYF	tgtgccagcagcttacctggggggagcggagagacccagtacttc	2	0	2	1	1
clonotype269	UNK_S	2	TRAV21*01	TRAJ34*01			TRBV6-1*01	TRBJ1-4*01	CAGSYNANKLIF	tgtgctggctcgtataacgccaacaagctcatcttt			CASRGGDRGNEKLFF	tgtgccagcaggggcggggacaggggtaatgaaaaactgtttttt	2	0	2	1	1
clonotype271	UNK_S	2	TRAV22-3*01	TRAJ11*01			TRBV4-2*01	TRBJ1-2*01	CAVDLNSGYSTLTF	tgtgctgtggacttgaattcaggatacagcacactcaccttt			CASSLTGYDYTF	tgcgccagcagcttaacagggtacgactacaccttc	2	0	2	1	1
clonotype272	UNK_S	2	TRAV10*01	TRAJ43*01			TRBV14*01	TRBJ1-1*01	CVVSAGNDIRF	tgtgtggtgagcgcgggcaatgacatacgcttt			CASSQDPPAFF	tgtgccagcagccaagatccgcccgctttcttt	2	0	2	1	1
clonotype273	UNK_S	2	TRAV27*01	TRAJ21*01			TRBV30*01	TRBJ2-7*01	CAGVYNFNKFYF	tgtgcaggagtatacaacttcaacaaattttacttt			CAWSRQGRTYEQYF	tgtgcctggagtcgccaggggcgaacctacgagcagtacttc	2	0	2	1	1
clonotype274	UNK_S	2	TRAV17*01	TRAJ6*01			TRBV2-3*01	TRBJ2-1*01	CATDVGGGYVLTF	tgtgctacggatgtaggaggaggctacgtacttacattt			CASSVVGEQFF	tgtgccagcagcgtcgtcggtgagcagttcttt	2	0	2	1	1
clonotype275	UNK_S	2	TRAV21*01	TRAJ2*01	TRAV29*01	TRAJ32*01	TRBV10-2*01	TRBJ1-5*01	CAVNTGGTIDKLTF	tgtgctgtgaatactggaggaacaattgataaactcacattt	CAATGYGGSGNKLIF	tgtgcagcaacgggatatggcggtagtggaaacaagctcatcttt	CASNRDNQPQYF	tgtgccagcaaccgggacaaccagccccagtatttt	3	2	4	2	1
clonotype276	UNK_S	2	TRAV38-2*01	TRAJ57*01			TRBV20-1*01	TRBJ1-2*01	CAYRSEGGSEKLVF	tgtgcttataggagcgagggcggatctgaaaagctcgtcttt			CSARYPGSIYDYTF	tgcagtgctagatatccggggagtatctatgactacaccttc	2	0	2	1	1
clonotype277	UNK_S	2	TRAV23-4*01	TRAJ50*01			TRBV24-1*01	TRBJ1-2*01	CAASTSYNKLMF	tgtgcagcctcaacctcctacaacaagctgatgttt			CATSERGRGYTF	tgtgccaccagtgagaggggacgaggctacaccttc	2	0	2	1	1
clonotype278	UNK_S	2	TRAV5*01	TRAJ35*01			TRBV7-7-1*02	TRBJ2-4*01	CADGGFGNVLHF	tgtgcagacggaggctttgggaacgtgttgcatttc			CASSYGTYNSQNTQYF	tgtgccagcagctatgggacatataatagccaaaacactcagtacttc	2	0	2	1	1
clonotype280	UNK_S	2	TRAV29*01	TRAJ43*01			TRBV6-8*01	TRBJ1-6*01	CAVQGVNNDIRF	tgtgcagtccagggggtcaacaatgacatacgcttt			CASSEVYNSPLYF	tgtgccagcagtgaggtttataattcgcccctctacttt	2	0	2	1	1
clonotype281	UNK_S	2	TRAV17*01	TRAJ45*01			TRBV7-7-1*02	TRBJ2-4*01	CATSGGSADRLTF	tgtgctacatcaggaggaagtgctgacagactcaccttt			CASSSPGQGFNTQYF	tgtgccagcagctccccgggacaggggtttaacactcagtacttc	2	0	2	1	1
clonotype282	UNK_S	2	TRAV20*01	TRAJ49*01			TRBV6-2*01	TRBJ2-4*01	CAVQPNTGNQLYF	tgtgctgtgcaaccgaacaccggtaaccagttgtatttt			CASSINSQNTQYF	tgtgccagcagcataaatagccaaaacactcagtacttc	2	0	2	1	1
clonotype283	UNK_S	2	TRAV5*01	TRAJ23*01			TRBV28*01	TRBJ1-2*01	CAESRIGGKLIF	tgtgcagagagtaggatagggggaaagcttatcttc			CASSTSGRYDYTF	tgtgccagcagtacctcaggaagatatgactacaccttc	2	0	2	1	1
clonotype284	UNK_S	2	TRAV25-1*01	TRAJ17*01			TRBV10-2*01	TRBJ1-4*01	CAGPGVASNKLTF	tgcgcagggccgggtgttgcaagcaacaagctaactttt			CASSTGNYEKLFF	tgtgccagctcaacagggaattatgaaaaactgtttttt	2	0	2	1	1
clonotype286	UNK_S	3	TRAV21*01	TRAJ54*01			TRBV2-3*01	TRBJ1-1*01	CAVKGAQKLVF	tgtgctgtgaagggagcccagaagctggtattt			CASHRTNTEAFF	tgtgccagccacaggacaaacactgaagctttcttt	3	0	3	1	1
clonotype287	UNK_S	2	TRAV22-3*01	TRAJ21*01			TRBV3-1*01	TRBJ1-2*01	CAVEWVNNFNKFYF	tgtgctgtggagtgggtgaacaacttcaacaaattttacttt			CASSPIITADYTF	tgtgccagcagcccaattataacagctgactacaccttc	2	0	2	1	1
clonotype288	UNK_S	2	TRAV27*01	TRAJ37*01			TRBV14*01	TRBJ1-1*01	CADYASSNTGKLIF	tgtgcagattatgcctctagcaacacaggcaaactgatcttt			CASSQDRSEAFF	tgtgccagcagccaagatcggtctgaagctttcttt	2	0	2	1	1
clonotype289	UNK_S	2	TRAV29*01	TRAJ37*01	TRAV22-3*01	TRAJ45*01	TRBV10-1*01	TRBJ2-4*01	CAATNTGKLIF	tgtgcagcaaccaacacaggcaaactgatcttt	CAVEYSGGSADRLTF	tgtgctgtggagtattcaggaggaagtgctgacagactcaccttt	CASSAWNWNTQYF	tgcgccagcagtgcttggaattggaacactcagtacttc	3	2	4	2	1
clonotype29	UNK_S	13	TRAV13-1*01	TRAJ37*01	TRAV24*01	TRAJ48*01	TRBV10-1*01	TRBJ2-5*01	CAASPPSNTGKLIF	tgtgcagcgagcccccctagcaacacaggcaaactgatcttt	CASTSNFGNEKLTF	tgtgcctccacttctaactttggaaatgagaaattaaccttt	CASSEGTGTTQYF	tgcgccagcagtgaagggactgggacaacccagtacttc	14	13	26	2	1
clonotype290	UNK_S	2	TRAV9-1*01	TRAJ48*01	TRAV6*01	TRAJ18*01	TRBV28*01	TRBJ1-1*01	CGLILNFGNEKLTF	tgtggtctgattttaaactttggaaatgagaaattaaccttt	CALADRGSTLGKLYF	tgtgctctggccgacagaggctcaaccctggggaagctatacttt	CASSLGGTGGTEAFF	tgtgccagcagtttaggggggacaggtggaactgaagctttcttt	3	2	4	2	1
clonotype291	UNK_S	2	TRAV9-2*01	TRAJ31*01			TRBV3-1*01	TRBJ1-1*01	CALSDQGNNDRVIF	tgtgctctgagtgatcaaggtaacaatgacagagtcatcttt			CASSQRGTGTEAFF	tgtgccagcagccaaaggggcacaggcactgaagctttcttt	2	0	2	1	1
clonotype292	UNK_S	2	TRAV9-2*01	TRAJ11*01			TRBV6-1*01	TRBJ1-2*01	CALARNSGYSTLTF	tgtgctctggcccggaattcaggatacagcacactcaccttt			CASSGTGGRNYDYTF	tgtgccagcagtgggacaggggggcgcaactatgactacaccttc	2	0	2	1	1
clonotype294	UNK_S	3	TRAV29*01	TRAJ26*01			TRBV6-1*01	TRBJ1-4*01	CAATPDNYGQNFIF	tgtgcagcaaccccggataactatggtcagaattttatcttc			CASSEQGTNEKLFF	tgtgccagcagtgaacaggggactaatgaaaaactgtttttt	3	0	3	1	1
clonotype295	UNK_S	2	TRAV20*01	TRAJ6*01			TRBV6-2*01	TRBJ1-5*01	CAVQAGGGGYVLTF	tgtgctgtgcaagcgggaggaggaggctacgtacttacattt			CASRGPQGGQPQYF	tgtgccagcaggggacctcaggggggtcagccccagtatttt	2	0	2	1	1
clonotype296	UNK_S	2	TRAV36*01	TRAJ31*01			TRBV2-2*01	TRBJ2-6*01	CAVYRNNNDRVIF	tgtgctgtttatcgaaataacaatgacagagtcatcttt			CARRDSGASVLTF	tgtgccagaagagactctggggccagcgtcctgactttc	2	0	2	1	1
clonotype298	UNK_S	2	TRAV23-4*01	TRAJ24*01			TRBV5-7*01	TRBJ1-3*01	CAASRTDSWGKLQF	tgcgcagcaagccgaactgacagctgggggaaattgcagttt			CASSLSPGPNTVYF	tgtgccagcagcttgtcgccagggcccaacaccgtgtatttt	2	0	2	1	1
clonotype299	UNK_S	2	TRAV25-1*01	TRAJ11*01			TRBV27*01	TRBJ1-2*01	CAGRESGYSTLTF	tgcgcagggcgggagtcaggatacagcacactcaccttt			CASRPVGDDYDYTF	tgtgccagcagacctgtcggggatgactatgactacaccttc	2	0	2	1	1
clonotype3	UNK_S	32	TRAV25*01	TRAJ23*01			TRBV7-2*03	TRBJ1-6*01	CAGPYYNQAGKLIF	tgcgcagggccgtattataaccaggcaggaaagcttatcttc			CASSEQGNSPLHF	tgtgccagcagcgaacaggggaattcgcccctccacttt	32	0	32	1	1
clonotype300	UNK_S	2	TRAV25*01	TRAJ5*01			TRBV3-4*01	TRBJ2-7*01	CAGDNTGRRALTF	tgcgcaggggataacacgggcaggagagcacttactttt			CAILRGLSSYEQYF	tgtgccatcttgcgggggttgagctcctacgagcagtacttc	2	0	2	1	1
clonotype301	UNK_S	2	TRAV27*01	TRAJ52*01			TRBV23-1*01	TRBJ1-6*01	CALAGGAGYGKLTF	tgtgcacttgctggtggtgctggctatggaaagctgacattt			CASSQFWYSPLHF	tgtgccagcagccaattttggtattcgcccctccacttt	2	0	2	1	1
clonotype302	UNK_S	2	TRAV13-1*01	TRAJ4*01	TRAV13-1*01	TRAJ39*01	TRBV19*01	TRBJ1-4*01	CAAIFSGGYDKLIF	tgtgcagctatattttctggtggctacgataagctgattttt	CAASPNAGNVLTF	tgtgcagcgtcacccaatgcaggcaacgtgctcacattt	CASIGGARGEKLFF	tgtgccagtattgggggggcgcgaggtgaaaaactgtttttt	3	2	4	2	1
clonotype303	UNK_S	2	TRAV25-1*01	TRAJ52*01			TRBV5-6*01	TRBJ1-2*01	CAGQGDAGGAGYGKLTF	tgcgcagggcagggagatgctggtggtgctggctatggaaagctgacattt			CASSQNTGNYDYTF	tgtgccagcagccaaaacacaggaaactatgactacaccttc	2	0	2	1	1
clonotype304	UNK_S	2	TRAV8-7*01	TRAJ54*01			TRBV4-3*01	TRBJ1-4*01	CAVSESTQGAQKLVF	tgtgctgtgagtgagtccactcagggagcccagaagctggtattt			CASSQVSGPEKLFF	tgcgccagcagccaagtttcagggcctgaaaaactgtttttt	2	0	2	1	1
clonotype306	UNK_S	2	TRAV8-4*01	TRAJ45*01			TRBV2-3*01	TRBJ1-1*01	CAVGLAYSGGSADRLTF	tgtgctgtgggcctagcgtattcaggaggaagtgctgacagactcaccttt			CASSEQWYTEAFF	tgtgccagcagtgaacagtggtacactgaagctttcttt	2	0	2	1	1
clonotype307	UNK_S	2	TRAV23-4*01	TRAJ53*01			TRBV7-10*01	TRBJ1-5*01	CAASMGGSSNYKLTF	tgcgcagcaagcatgggtggaagtagcaactataaactgacattt			CASSLYSNQPQYF	tgtgccagcagcctgtatagcaatcagccccagtatttt	2	0	2	1	1
clonotype308	UNK_S	2	TRAV12-2*01	TRAJ39*01	TRAV13-2*01	TRAJ32*01	TRBV6-3*01	TRBJ2-5*01	CAGIRNAGNVLTF	tgtgccgggatcaggaatgcaggcaacgtgctcacattt	CAENSGGSGNKLIF	tgtgcagagaatagcgggggtagtggaaacaagctcatcttt	CASSYLGRGRETQYF	tgtgccagcagttacttgggcagaggacgagagacccagtacttc	3	2	4	2	1
clonotype309	UNK_S	2	TRAV27*01	TRAJ37*01			TRBV6-3*01	TRBJ1-5*01	CADYASSNTGKLIF	tgtgcagattatgcctctagcaacacaggcaaactgatcttt			CASGWTGRYNQPQYF	tgtgccagcgggtggacagggaggtacaatcagccccagtatttt	2	0	2	1	1
clonotype31	UNK_S	12	TRAV4*01	TRAJ20*02			TRBV28*01	TRBJ2-2*01	CLVGGGYKLSF	tgcctcgtgggggggggctacaagctcagcttt			CASSLRWTGEVAQLFF	tgtgccagcagtctacgatggacaggggaagtcgcgcagctgttcttt	12	0	12	1	1
clonotype310	UNK_S	2	TRAV8-2*01	TRAJ42*01			TRBV6-3*01	TRBJ1-3*01	CAVTYGGSQGNLIF	tgtgctgtgacctatggaggaagccaaggaaatctcatcttt			CASSEQQGGNTVYF	tgtgccagcagtgaacaacagggcggaaacaccgtgtatttt	2	0	2	1	1
clonotype311	UNK_S	2	TRAV8-4*01	TRAJ23*01			TRBV23-1*01	TRBJ2-5*01	CAAGAGNQAGKLIF	tgtgctgcgggtgcgggaaaccaggcaggaaagcttatcttc			CASSQRGAQETQYF	tgtgccagcagccaacgcggggctcaagagacccagtacttc	2	0	2	1	1
clonotype312	UNK_S	2	TRAV8-7*01	TRAJ40*01			TRBV12-2*01	TRBJ2-5*01	CAVSASTPGNYKYIF	tgtgctgtgagtgcctccacaccaggaaactacaaatacatcttt			CASSNKAGWGELTETQYF	tgtgccagcagcaataaagcgggttggggggagcttacggagacccagtacttc	2	0	2	1	1
clonotype314	UNK_S	2	TRAV13-1*01	TRAJ45*01			TRBV11-2*01	TRBJ1-4*01	CAAHSGGSADRLTF	tgtgcagctcattcaggaggaagtgctgacagactcaccttt			CASSQQGINEKLFF	tgtgccagcagtcaacagggaattaatgaaaaactgtttttt	2	0	2	1	1
clonotype315	UNK_S	2	TRAV22-3*01	TRAJ34*01			TRBV7-3*01	TRBJ2-1*01	CAVHYNANKLIF	tgtgctgtacactataacgccaacaagctcatcttt			CASSLEGIYGEQFF	tgtgccagcagcttagagggtatctacggtgagcagttcttt	2	0	2	1	1
clonotype316	UNK_S	2	TRAV35*01	TRAJ37*01	TRAV25*01	TRAJ41*01	TRBV7-2*03	TRBJ2-3*01	CAGQQASSNTGKLIF	tgtgccgggcaacaagcctctagcaacacaggcaaactgatcttt	CAGDSNSGYALNF	tgcgcaggggactcaaactccgggtatgcactgaacttc	CASSSLKGTDPQYF	tgtgccagcagctcccttaaggggacagatccgcagtatttt	3	2	4	2	1
clonotype317	UNK_S	2	TRAV22-3*01	TRAJ42*01			TRBV7-9*01	TRBJ1-1*01	CAVYRGSQGNLIF	tgtgctgtgtatcggggaagccaaggaaatctcatcttt			CASSLTTGVTEAFF	tgtgccagcagcttaacgacaggggtcactgaagctttcttt	2	0	2	1	1
clonotype318	UNK_S	2	TRAV8-5*01	TRAJ54*01			TRBV5-7*01	TRBJ2-4*01	CAVRIPITQGAQKLVF	tgtgctgtgagaattccgataactcagggagcccagaagctggtattt			CASSLGGGGANTQYF	tgtgccagcagcttgggtggtgggggcgcgaacactcagtacttc	2	0	2	1	1
clonotype319	UNK_S	2	TRAV25*01	TRAJ49*01			TRBV3-2*01	TRBJ2-1*01	CAGNTGNQLYF	tgcgcagggaacaccggtaaccagttgtatttt			CASSSRGSLVNEQFF	tgtgccagcagctctagggggagcttggtcaatgagcagttcttt	2	0	2	1	1
clonotype320	UNK_S	2	TRAV25*01	TRAJ23*01			TRBV3-2*01	TRBJ2-4*01	CAGGQAGKLIF	tgcgcagggggacaggcaggaaagcttatcttc			CASSLDWGSQNTQYF	tgtgccagcagcttagactggggcagccaaaacactcagtacttc	2	0	2	1	1
clonotype321	UNK_S	2	TRAV4*01	TRAJ37*01	TRAV4*01	TRAJ45*01	TRBV4-1*01	TRBJ2-7*01	CLTPSNTGKLIF	tgcctcacacctagcaacacaggcaaactgatcttt	CLVGDTSGGSADRLTF	tgcctcgtgggtgacacctcaggaggaagtgctgacagactcaccttt	CASSQGRLGTHEQYF	tgcgccagcagccaaggacgactgggtacccacgagcagtacttc	3	2	4	2	1
clonotype323	UNK_S	2	TRAV4*01	TRAJ21*01			TRBV4-3*01	TRBJ1-1*01	CLVGDRYNFNKFYF	tgcctcgtgggtgataggtacaacttcaacaaattttacttt			CASSQEPTMNTEAFF	tgcgccagcagccaagagcctacgatgaacactgaagctttcttt	2	0	2	1	1
clonotype324	UNK_S	4	TRAV22-3*01	TRAJ21*01			TRBV21-1*01	TRBJ1-2*01	CAVEWGNFNKFYF	tgtgctgtggagtggggcaacttcaacaaattttacttt			CASSATQGVYDYTF	tgtgccagcagcgcaacacagggggtctatgactacaccttc	4	0	4	1	1
clonotype325	UNK_S	2	TRAV4*01	TRAJ21*01			TRBV7-4*01	TRBJ1-5*01	CLVGDTYRYNFNKFYF	tgcctcgtgggtgacacttatagatacaacttcaacaaattttacttt			CASSFSQQNQPQYF	tgtgccagcagcttctcacagcaaaatcagccccagtatttt	2	0	2	1	1
clonotype326	UNK_S	2	TRAV21*01	TRAJ9*01			TRBV12-3*01	TRBJ1-1*01	CAVVDGGFKTVF	tgtgctgtggtggatggaggcttcaaaactgtcttt			CASSKDRVVTEAFF	tgtgccagcagtaaggacagggtcgttactgaagctttcttt	2	0	2	1	1
clonotype328	UNK_S	2	TRAV6*01	TRAJ44*01			TRBV15*01	TRBJ1-4*01	CALDMSGIASKLTF	tgtgctctagacatgtccggcattgccagtaaactcaccttt			CASRENRGTNEKLFF	tgtgccagcagggaaaacagggggactaatgaaaaactgtttttt	2	0	2	1	1
clonotype329	UNK_S	2	TRAV36*01	TRAJ30*01			TRBV7-4*01	TRBJ2-7*01	CAVQLMNRDDKIIF	tgtgctgtgcaactcatgaacagagatgacaaaatcatcttt			CASSPPWGPYEQYF	tgtgccagcagcccaccgtggggcccctacgagcagtacttc	2	0	2	1	1
clonotype33	UNK_S	12	TRAV8-2*01	TRAJ33*01			TRBV10-1*01	TRBJ1-6*01	CAVYMDSNYQLIW	tgtgctgtctacatggatagcaactatcagttaatctgg			CASSDNRGANSPLHF	tgcgccagcagtgataacaggggggctaattcgcccctccacttt	12	0	12	1	1
clonotype330	UNK_S	2	TRAV10*01	TRAJ47*01			TRBV3-1*01	TRBJ2-5*01	CVVSGMDYGNKLIF	tgtgtggtgagcggcatggactatggaaacaagctgatcttc			CASSQGWGVVETQYF	tgtgccagcagccaaggctggggtgttgtggagacccagtacttc	2	0	2	1	1
clonotype331	UNK_S	2	TRAV38-2*01	TRAJ54*01			TRBV28*01	TRBJ1-1*01	CAYRSPSQGAQKLVF	tgtgcttataggagcccttctcagggagcccagaagctggtattt			CASSLWDAANGEAFF	tgtgccagcagtttatgggacgctgcgaatggggaagctttcttt	2	0	2	1	1
clonotype332	UNK_S	2	TRAV10*01	TRAJ39*01			TRBV20-1*01	TRBJ1-1*01	CVVSAANAGNVLTF	tgtgtggtgagcgcggccaatgcaggcaacgtgctcacattt			CSARDEGGTEAFF	tgcagtgctagagatgagggaggcactgaagctttcttt	2	0	2	1	1
clonotype333	UNK_S	2	TRAV38-1*01	TRAJ28*01			TRBV3-2*01	TRBJ2-7*01	CAFAGAGSYQLTF	tgtgctttcgctggggctgggagttaccaactcactttc			CASSRWGRYEQYF	tgtgccagcagccggtgggggcgatacgagcagtacttc	2	0	2	1	1
clonotype335	UNK_S	2	TRAV8-5*01	TRAJ50*01			TRBV6-1*01	TRBJ2-7*01	CAVSDPPTSYNKLMF	tgtgctgtgagtgaccccccaacctcctacaacaagctgatgttt			CASSEEFRTSRSEQYF	tgtgccagcagtgaagagttccggacatcccgttccgagcagtacttc	2	0	2	1	1
clonotype336	UNK_S	2	TRAV4*01	TRAJ22*01			TRBV6-1*01	TRBJ1-3*01	CLPPSDSGWQLTF	tgcctccccccttctgattctggctggcaactgaccttt			CASSETGMGRGNTVYF	tgtgccagcagtgaaacggggatgggtaggggaaacaccgtgtatttt	2	0	2	1	1
clonotype337	UNK_S	2	TRAV22-3*01	TRAJ26*01	TRAV22-3*01	TRAJ22*01	TRBV7-2*03	TRBJ1-6*01	CAVANYGQNFIF	tgtgctgtggctaactatggtcagaattttatcttc	CAVPTDSGWQLTF	tgtgctgttccaaccgattctggctggcaactgaccttt	CASSQDSSYNSPLHF	tgtgccagcagccaggacagctcctataattcgcccctccacttt	3	2	4	2	1
clonotype339	UNK_S	2	TRAV18*01	TRAJ29*01			TRBV2-1*01	TRBJ1-2*01	CVLNSGNRALVF	tgtgttctgaattcaggaaacagagctcttgtcttt			CASSDRGASNYDYTF	tgtgccagcagtgataggggggcctctaactatgactacaccttc	2	0	2	1	1
clonotype34	UNK_S	12	TRAV2*01	TRAJ21*01			TRBV29-1*01	TRBJ1-2*01	CAVEEGINFNKFYF	tgtgctgtggaggaggggatcaacttcaacaaattttacttt			CSAFYNRDYTF	tgcagcgcgttctacaaccgggactacaccttc	12	0	12	1	1
clonotype340	UNK_S	2	TRAV27*01	TRAJ24*01			TRBV21-1*01	TRBJ1-4*01	CAGEGTDSWGKLQF	tgtgcaggagaagggactgacagctgggggaaattgcagttt			CASSAQGGHNEKLFF	tgtgccagcagcgcacaaggcggacataatgaaaaactgtttttt	2	0	2	1	1
clonotype341	UNK_S	2	TRAV18*01	TRAJ5*01			TRBV7-3*01	TRBJ1-5*01	CVLRGDTGRRALTF	tgtgttctgagaggggacacgggcaggagagcacttactttt			CASSTGTGGNQPQYF	tgtgccagcagcaccgggacaggggggaatcagccccagtatttt	2	0	2	1	1
clonotype342	UNK_S	2	TRAV17*01	TRAJ53*01			TRBV7-2*03	TRBJ2-2*01	CATDEYGSNYKLTF	tgtgctacggatgaatatggtagcaactataaactgacattt			CASSLRQGTTAQLFF	tgtgccagcagcttaaggcagggtaccaccgcgcagctgttcttt	2	0	2	1	1
clonotype344	UNK_S	2	TRAV35*01	TRAJ32*01			TRBV7-2*03	TRBJ2-3*01	CAGQGGNYGGSGNKLIF	tgtgccgggcaagggggaaattatggcggtagtggaaacaagctcatcttt			CASSGDWGSWDPQYF	tgtgccagcagcggagactggggttcttgggatccgcagtatttt	2	0	2	1	1
clonotype345	UNK_S	2	TRAV25-1*01	TRAJ52*01			TRBV7-2*03	TRBJ1-2*01	CAGPSGAGGAGYGKLTF	tgcgcagggccatcgggtgctggtggtgctggctatggaaagctgacattt			CASSLTGQGIYDYTF	tgtgccagcagcttaacgggacaggggatctatgactacaccttc	2	0	2	1	1
clonotype346	UNK_S	2	TRAV38-1*01	TRAJ11*01			TRBV28*01	TRBJ2-2*01	CAFMQNSGYSTLTF	tgtgctttcatgcagaattcaggatacagcacactcaccttt			CASSFPRLGGYTAQLFF	tgtgccagcagttttccccgactggggggatacaccgcgcagctgttcttt	2	0	2	1	1
clonotype347	UNK_S	2	TRAV21*01	TRAJ53*01			TRBV11-2*01	TRBJ2-4*01	CAVRWLGGGSNYKLTF	tgtgctgtgagatggctgggtggaggtagcaactataaactgacattt			CASSLGQGNSQNTQYF	tgtgccagcagcctaggacaggggaatagccaaaacactcagtacttc	2	0	2	1	1
clonotype348	UNK_S	2	TRAV25-1*01	TRAJ23*01			TRBV4-2*01	TRBJ2-1*01	CAGQGNQAGKLIF	tgcgcagggcagggtaaccaggcaggaaagcttatcttc			CASSRNTGGSYYNEQFF	tgcgccagcagccgaaatactggggggagctactacaatgagcagttcttt	2	0	2	1	1
clonotype349	UNK_S	2	TRAV14-2*01	TRAJ13*01			TRBV6-2*01	TRBJ2-1*01	CAMRDSGSYQKVTF	tgtgcaatgagagattctggaagctaccagaaagttaccttt			CASSEYGVEQFF	tgtgccagcagtgaatatggtgttgagcagttcttt	2	0	2	1	1
clonotype350	UNK_S	2	TRAV16*01	TRAJ33*01			TRBV23-1*01	TRBJ2-1*01	CALSAILDSNYQLIW	tgtgctctaagtgcgatcctggatagcaactatcagttaatctgg			CASSQSTWGLDNEQFF	tgtgccagcagccaatcaacctggggacttgacaatgagcagttcttt	2	0	2	1	1
clonotype351	UNK_S	2	TRAV21*01	TRAJ41*01			TRBV7-7-1*02	TRBJ2-4*01	CADPSNSGYALNF	tgtgctgacccttcaaactccgggtatgcactgaacttc			CASSLQAEASQNTQYF	tgtgccagcagcttacaggcagaagctagccaaaacactcagtacttc	2	0	2	1	1
clonotype352	UNK_S	2	TRAV13-1*01	TRAJ44*01			TRBV4-2*01	TRBJ1-3*01	CAAAGNTGIASKLTF	tgtgcagcggctggaaacaccggcattgccagtaaactcaccttt			CASSLQTNTGFSGNTVYF	tgcgccagcagcctacaaacaaacacagggtttagtggaaacaccgtgtatttt	2	0	2	1	1
clonotype355	UNK_S	2	TRAV2*01	TRAJ23*01			TRBV7-4*01	TRBJ2-1*01	CAVEDHNQAGKLIF	tgtgctgtggaggatcataaccaggcaggaaagcttatcttc			CASSLHFGSGGSLDQFF	tgtgccagcagcttacatttcggttccggggggagcctggaccagttcttt	2	0	2	1	1
clonotype356	UNK_S	2	TRAV23-4*01	TRAJ35*01			TRBV7-6*01	TRBJ2-1*01	CAATGVKNVLHF	tgcgcagcaaccggggttaagaacgtgttgcatttc			CASSLAWVRPFPGEQFF	tgtgccagcagcttagcatgggtgcggcccttccccggtgagcagttcttt	2	0	2	1	1
clonotype358	UNK_S	2	TRAV8-5*01	TRAJ6*01			TRBV15*01	TRBJ2-4*01	CAVTFLSGGGYVLTF	tgtgctgtgacttttttatcaggaggaggctacgtacttacattt			CASSKEGAGGSFIQNTQYF	tgtgccagcagcaaagaaggggccggggggagtttcattcaaaacactcagtacttc	2	0	2	1	1
clonotype359	UNK_S	2	TRAV25-1*01	TRAJ11*01			TRBV13*01	TRBJ2-7*01	CAGRYSTLTF	tgcgcaggacgatacagcacactcaccttt			CASRPPGRTYEQYF	tgtgccagcaggccaccgggacggacctacgagcagtacttc	2	0	2	1	1
clonotype36	UNK_S	12	TRAV41*01	TRAJ34*01			TRBV12-3*01	TRBJ1-5*01	CAGDNANKLIF	tgtgctggggataacgccaacaagctcatcttt			CASSFEVRGNQPQYF	tgtgccagcagttttgaggtcaggggtaatcagccccagtatttt	12	0	12	1	1
clonotype38	UNK_S	11	TRAV12-2*01	TRAJ9*01			TRBV29-1*01	TRBJ2-7*01	CAVSPNTGGFKTVF	tgtgccgtgagccctaatactggaggcttcaaaactgtcttt			CSVEGQDYEQYF	tgcagcgtggagggacaagactacgagcagtacttc	11	0	11	1	1
clonotype39	UNK_S	11	TRAV1-1*01	TRAJ27*01	TRAV13-1*01	TRAJ20*02	TRBV28*01	TRBJ1-4*01	CAADKLTF	tgtgctgcagacaaattaaccttt	CAASNNYKLSF	tgcgcagcaagtaacaactacaagctcagcttt	CASSYRDRGSATNEKLFF	tgtgccagcagttaccgggacagggggtccgcaactaatgaaaaactgtttttt	12	11	22	2	1
clonotype4	UNK_S	29	TRAV13-1*01	TRAJ47*01			TRBV6-1*01	TRBJ2-7*01	CAASGNKLIF	tgtgcagcgagtggaaacaagctgatcttc			CASSEMFSVGEQYF	tgtgccagcagtgagatgttttcagtgggggagcagtacttc	29	0	29	1	1
clonotype41	UNK_S	11	TRAV17*01	TRAJ23*01			TRBV6-1*01	TRBJ2-3*01	CATGDNQAGKLIF	tgtgctacgggagataaccaggcaggaaagcttatcttc			CASSALTGTNPQYF	tgtgccagcagtgccctgacagggacaaatccgcagtatttt	11	0	11	1	1
clonotype42	UNK_S	11	TRAV27*01	TRAJ53*01			TRBV7-2*03	TRBJ2-5*01	CAPRSSNYKLTF	tgtgcaccacgaagtagcaactataaactgacattt			CASSLVGGSGTQYF	tgtgccagcagcttagttggggggagcgggacccagtacttc	11	0	11	1	1
clonotype43	UNK_S	11	TRAV6*01	TRAJ36*01			TRBV9*01	TRBJ2-2*01	CALEEATGVNNLFF	tgtgctctagaggaggcgactggggtaaacaacctcttcttt			CASSDKGQSRKNTAQLFF	tgtgccagcagcgacaagggacagagtagaaagaacaccgcgcagctgttcttt	11	0	11	1	1
clonotype45	UNK_S	10	TRAV18*01	TRAJ40*01			TRBV6-3*01	TRBJ2-5*01	CVLFTTGNYKYIF	tgtgttctgtttaccacaggaaactacaaatacatcttt			CASSLRTGWETQYF	tgtgccagcagtctccggacagggtgggagacccagtacttc	10	0	10	1	1
clonotype46	UNK_S	10	TRAV9-2*01	TRAJ21*01			TRBV7-10*01	TRBJ2-1*01	CALSRVDNFNKFYF	tgtgctctgagtagggtggacaacttcaacaaattttacttt			CASSFGTGILF	tgtgccagcagctttgggacagggatactcttt	10	0	10	1	1
clonotype461	UNK_S	1	TRAV27*01	TRAJ58*01			TRBV6-2*01	TRBJ1-4*01	CAGADGSRLTF	tgtgcaggagcggatggctctaggttgaccttt			CASSGVGKLFF	tgtgccagcagtggggtaggaaaactgtttttt	1	0	1	1	1
clonotype462	UNK_S	1	TRAV27*01	TRAJ40*01			TRBV5-6*01	TRBJ2-5*01	CAGGSGNYKYIF	tgtgcaggagggtcgggaaactacaaatacatcttt			CASSLEETQYF	tgtgccagcagcttggaagagacccagtacttc	1	0	1	1	1
clonotype464	UNK_S	1	TRAV22-3*01	TRAJ6*01			TRBV29-1*01	TRBJ2-3*01	CAPMGGSGGGYVLTF	tgtgctccaatggggggatcaggaggaggctacgtacttacattt			CSVEGGGADPQYF	tgcagcgttgaaggggggggagcagatccgcagtatttt	1	0	1	1	1
clonotype465	UNK_S	1	TRAV36*01	TRAJ27*01			TRBV20-1*01	TRBJ1-5*01	CAVESNADKLTF	tgtgctgtggaatccaatgcagacaaattaaccttt			CSARDLGGQPQYF	tgcagtgctagagatctggggggtcagccccagtatttt	1	0	1	1	1
clonotype466	UNK_S	1	TRAV10*01	TRAJ33*01			TRBV10-2*01	TRBJ2-7*01	CVGDSNYQLIW	tgtgtaggggatagcaactatcagttaatctgg			CASRRAGEQYF	tgtgccagcaggagggcgggcgagcagtacttc	1	0	1	1	1
clonotype468	UNK_S	1	TRAV9-2*01	TRAJ57*01			TRBV19*01	TRBJ2-2*01	CALPTQGGSEKLVF	tgtgctctgccaactcagggcggatctgaaaagctcgtcttt			CASVNTAQLFF	tgtgccagtgtaaacaccgcgcagctgttcttt	1	0	1	1	1
clonotype469	UNK_S	1	TRAV8-7*01	TRAJ20*02			TRBV19*01	TRBJ1-5*01	CAVSESSNNYKLSF	tgtgctgtgagtgaatcatctaacaactacaagctcagcttt			CASSMGQPQYF	tgtgccagtagtatgggacagccccagtatttt	1	0	1	1	1
clonotype47	UNK_S	10	TRAV3*01	TRAJ35*01	TRAV22-3*01	TRAJ20*02	TRBV30*01	TRBJ2-1*01	CAVREGGFGNVLHF	tgtgctgtgagagagggaggctttgggaacgtgttgcatttc	CAVFLPSGYKLSF	tgtgctgtcttcctcccctccggctacaagctcagcttt	CAWSVWDSYGEQFF	tgtgcctggagtgtgtgggactcctacggtgagcagttcttt	11	10	20	2	1
clonotype470	UNK_S	1	TRAV12-2*01	TRAJ31*01			TRBV20-1*01	TRBJ2-4*01	CAGSRNNNDRVIF	tgtgccggctcccgaaataacaatgacagagtcatcttt			CSATTTGENTQYF	tgcagtgcaactacgactggtgaaaacactcagtacttc	1	0	1	1	1
clonotype472	UNK_S	2	TRAV5*01	TRAJ5*01			TRBV6-3*01	TRBJ2-5*01	CAESMDTGRRALTF	tgtgcagagagtatggacacgggcaggagagcacttactttt			CASSYMETQYF	tgtgccagcagttacatggagacccagtacttc	2	0	2	1	1
clonotype474	UNK_S	1	TRAV8-4*01	TRAJ4*01			TRBV5-6*01	TRBJ1-5*01	CAAGPFSGGYDKLIF	tgtgctgcgggacccttttctggtggctacgataagctgattttt			CASSKNSPQYF	tgtgccagcagcaaaaattcgccccagtatttt	1	0	1	1	1
clonotype475	UNK_S	1	TRAV12-1*01	TRAJ52*01			TRBV19*01	TRBJ2-2*01	CAMSAAGGAGYGKLTF	tgtgcaatgagcgcggctggtggtgctggctatggaaagctgacattt			CASVNTAQLFF	tgtgccagtgtaaacaccgcgcagctgttcttt	1	0	1	1	1
clonotype476	UNK_S	1	TRAV12-3*01	TRAJ52*01			TRBV19*01	TRBJ2-2*01	CAMSAAGGAGYGKLTF	tgtgcaatgagcgcggctggtggtgctggctatggaaagctgacattt			CASVNTAQLFF	tgtgccagtgtaaacaccgcgcagctgttcttt	1	0	1	1	1
clonotype477	UNK_S	1	TRAV19*01	TRAJ39*01			TRBV24-1*01	TRBJ1-1*01	CAVNGGNNAGNVLTF	tgtgctgtgaacggggggaataatgcaggcaacgtgctcacattt			CATRRNTEAFF	tgtgccacccggaggaacactgaagctttcttt	1	0	1	1	1
clonotype478	UNK_S	1	TRAV29*01	TRAJ34*01			TRBV28*01	TRBJ1-1*01	CAASLYNANKLIF	tgtgcagcgagcttgtataacgccaacaagctcatcttt			CASSDSAEAFF	tgtgccagcagtgacagtgctgaagctttcttt	1	0	1	1	1
clonotype479	UNK_S	1	TRAV29*01	TRAJ34*01			TRBV28*01	TRBJ1-1*01	CAASASGSYNANKLIF	tgtgcagcaagcgcgtcggggtcttataacgccaacaagctcatcttt			CASSDSAEAFF	tgtgccagcagtgacagtgctgaagctttcttt	1	0	1	1	1
clonotype48	UNK_S	10	TRAV21*01	TRAJ13*01	TRAV21*01	TRAJ33*01	TRBV29-1*01	TRBJ2-4*01	CAVPSGSYQKVTF	tgtgctgttccctctggaagctaccagaaagttaccttt	CAVLDSNYQLIW	tgtgctgtcctggatagcaactatcagttaatctgg	CSVVSGLSQNTQYF	tgcagcgtcgtttccggccttagccaaaacactcagtacttc	11	10	20	2	1
clonotype50	UNK_S	10	TRAV16*01	TRAJ29*01	TRAV14-2*01	TRAJ18*01	TRBV6-1*01	TRBJ1-6*01	CALSYGGNRALVF	tgtgctctaagttacggaggaaacagagctcttgtcttt	CAMRGNRGSTLGKLYF	tgtgcaatgagagggaacagaggctcaaccctggggaagctatacttt	CASSEQADSPLHF	tgtgccagcagtgaacaggccgattcgcccctccacttt	11	10	20	2	1
clonotype51	UNK_S	10	TRAV21*01	TRAJ33*01	TRAV21*01	TRAJ13*01	TRBV21-1*01	TRBJ1-3*01	CAVLDSNYQLIW	tgtgctgtcctggatagcaactatcagttaatctgg	CAVPSGSYQKVTF	tgtgctgttccctctggaagctaccagaaagttaccttt	CASSPVADTVYF	tgtgccagcagcccggtagcggacaccgtgtatttt	11	10	20	2	1
clonotype53	UNK_S	10	TRAV6*01	TRAJ9*01			TRBV12-2*01	TRBJ2-1*01	CALHTGGFKTVF	tgtgctctgcatactggaggcttcaaaactgtcttt			CASSFLEGYNEQFF	tgtgccagcagtttcttggagggttacaatgagcagttcttt	10	0	10	1	1
clonotype54	UNK_S	10	TRAV19*01	TRAJ20*02			TRBV21-1*01	TRBJ1-2*01	CALSPHKLSF	tgtgctctgagccctcacaagctcagcttt			CASSKAGGFYDYTF	tgtgccagcagcaaagccgggggattctatgactacaccttc	10	0	10	1	1
clonotype541	UNK_S	1	TRAV1-2*01	TRAJ27*01			TRBV28*01	TRBJ2-7*01	CAADKLTF	tgtgctgcagacaaattaaccttt			CASSDRANEQYF	tgtgccagcagtgacagggccaacgagcagtacttc	1	0	1	1	1
clonotype547	UNK_S	1	TRAV27*01	TRAJ24*01			TRBV28*01	TRBJ1-2*01	CAGTDSWGKLQF	tgtgcaggaactgacagctgggggaaattgcagttt			CASRTIPYDYTF	tgtgccagcagaactataccatatgactacaccttc	1	0	1	1	1
clonotype549	UNK_S	1	TRAV25*01	TRAJ22*01			TRBV10-2*01	TRBJ2-1*01	CAGPDSGWQLTF	tgcgcagggcctgattctggctggcaactgaccttt			CASNQGRGEQFF	tgtgccagcaatcaggggcgcggtgagcagttcttt	1	0	1	1	1
clonotype551	UNK_S	1	TRAV25-1*01	TRAJ45*01			TRBV23-1*01	TRBJ2-7*01	CAGRGGGSADRLTF	tgcgcagggcgagggggaggaagtgctgacagactcaccttt			CASSAYYEQYF	tgtgccagcagcgcgtactacgagcagtacttc	1	0	1	1	1
clonotype552	UNK_S	1	TRAV19*01	TRAJ21*01	TRAV9-2*01	TRAJ34*01	TRBV10-2*01	TRBJ2-3*01	CALNEHNFNKFYF	tgtgctctgaatgaacacaacttcaacaaattttacttt	CAPSYNANKLIF	tgtgctccttcttataacgccaacaagctcatcttt	CASNLDTDPQYF	tgtgccagcaaccttgatacagatccgcagtatttt	2	1	2	2	1
clonotype553	UNK_S	1	TRAV8-5*01	TRAJ21*01	TRAV18*01	TRAJ39*01	TRBV4-2*01	TRBJ1-2*01	CAVSDLSNFNKFYF	tgtgctgtgagtgatctgagcaacttcaacaaattttacttt	CVLRNNAGNVLTF	tgtgttctgaggaataatgcaggcaacgtgctcacattt	CASSQDQLDYTF	tgcgccagcagccaagatcaactcgactacaccttc	2	1	2	2	1
clonotype556	UNK_S	1	TRAV22-3*01	TRAJ52*01			TRBV6-3*01	TRBJ2-1*01	CAVEYGGAGYGKLTF	tgtgctgtggagtacggtggtgctggctatggaaagctgacattt			CASRGQGYEQFF	tgtgccagcaggggacaggggtatgagcagttcttt	1	0	1	1	1
clonotype557	UNK_S	1	TRAV13-1*01	TRAJ30*01			TRBV30*01	TRBJ2-3*01	CAASSDQDDKIIF	tgtgcagcgagctccgaccaagatgacaaaatcatcttt			CAWSGGQVTDPQYF	tgtgcctggagcgggggacaggtcacagatccgcagtatttt	1	0	1	1	1
clonotype559	UNK_S	1	TRAV36*01	TRAJ27*01			TRBV19*01	TRBJ2-4*01	CAVSNTNADKLTF	tgtgctgtatcgaacaccaatgcagacaaattaaccttt			CASSIRFGTQYF	tgtgccagtagtataaggtttggcactcagtacttc	1	0	1	1	1
clonotype564	UNK_S	5	TRAV29*01	TRAJ23*01	TRAV8-7*01	TRAJ23*01	TRBV20-1*01	TRBJ1-1*01	CAGNQAGKLIF	tgtgccgggaaccaggcaggaaagcttatcttc	CAVSPTNQAGKLIF	tgtgctgtgagtcccacgaaccaggcaggaaagcttatcttc	CSARGQFMNTEAFF	tgcagtgcgcgcggacagtttatgaacactgaagctttcttt	6	5	10	2	1
clonotype565	UNK_S	1	TRAV8-4*01	TRAJ34*01			TRBV20-1*01	TRBJ2-6*01	CAAGASGANKLIF	tgtgctgcgggtgcgtcgggcgccaacaagctcatcttt			CSATDGSGASVLTF	tgcagtgctaccgacggctctggggccagcgtcctgactttc	1	0	1	1	1
clonotype566	UNK_S	1	TRAV8-3*01	TRAJ33*01			TRBV2-3*01	TRBJ2-1*01	CAGFMDSNYQLIW	tgtgctggcttcatggatagcaactatcagttaatctgg			CASNHNGEQFF	tgtgccagcaatcataacggtgagcagttcttt	1	0	1	1	1
clonotype568	UNK_S	1	TRAV9-1*01	TRAJ23*01			TRBV21-1*01	TRBJ1-2*01	CGLSNRNQAGKLIF	tgtggtctgagtaatcgtaaccaggcaggaaagcttatcttc			CASSKGYDYTF	tgtgccagcagcaagggctatgactacaccttc	1	0	1	1	1
clonotype569	UNK_S	1	TRAV13-1*01	TRAJ44*01			TRBV4-2*01	TRBJ2-5*01	CAAAGNTGIASKLTF	tgtgcagcggctggaaacaccggcattgccagtaaactcaccttt			CASSQVRETQYF	tgcgccagcagccaagttcgcgagacccagtacttc	1	0	1	1	1
clonotype570	UNK_S	1	TRAV12-3*01	TRAJ11*01			TRBV7-4*01	TRBJ2-1*01	CAMSPMNSGYSTLTF	tgtgcaatgagccccatgaattcaggatacagcacactcaccttt			CASSYRGEQFF	tgtgccagcagctacaggggtgagcagttcttt	1	0	1	1	1
clonotype571	UNK_S	1	TRAV23-4*01	TRAJ24*01			TRBV30*01	TRBJ1-2*01	CAASLSWGKLQF	tgcgcagcaagcctcagctgggggaaattgcagttt			CAWSPGLANYDYTF	tgtgcctggagcccgggcttagctaactatgactacaccttc	1	0	1	1	1
clonotype572	UNK_S	1	TRAV23-4*01	TRAJ35*01			TRBV27*01	TRBJ1-5*01	CAATGVKNVLHF	tgcgcagcaaccggggttaagaacgtgttgcatttc			CASSEGNQPQYF	tgtgccagcagcgaaggcaatcagccccagtatttt	1	0	1	1	1
clonotype573	UNK_S	1	TRAV29*01	TRAJ28*01			TRBV10-1*01	TRBJ1-5*01	CAASYGSGAGSYQLTF	tgtgcagcaagctacggctctggggctgggagttaccaactcactttc			CASCFGNQPQYF	tgcgccagctgttttggcaatcagccccagtatttt	1	0	1	1	1
clonotype574	UNK_S	1	TRAV23-4*01	TRAJ28*01			TRBV30*01	TRBJ1-2*01	CAASTAGAGSYQLTF	tgtgcagcaagcacggccggggctgggagttaccaactcactttc			CAWSPGLANYDYTF	tgtgcctggagcccgggcttagctaactatgactacaccttc	1	0	1	1	1
clonotype575	UNK_S	1	TRAV23-4*01	TRAJ53*01			TRBV24-1*01	TRBJ1-2*01	CAASMGGSSNYKLTF	tgcgcagcaagcatgggtggaagtagcaactataaactgacattt			CATSERGRGYTF	tgtgccaccagtgagaggggacgaggctacaccttc	1	0	1	1	1
clonotype58	UNK_S	10	TRAV17*01	TRAJ52*01			TRBV6-3*01	TRBJ2-1*01	CASNAGGAGYGKLTF	tgtgcctctaatgctggtggtgctggctatggaaagctgacattt			CASSYLGPGEQFF	tgtgccagcagttacttaggacccggtgagcagttcttt	10	0	10	1	1
clonotype60	UNK_S	10	TRAV8-7*01	TRAJ28*01			TRBV6-2*01	TRBJ1-6*01	CAVSDRSGAGSYQLTF	tgtgctgtgagtgatcgctctggggctgggagttaccaactcactttc			CASSEQYNSPLHF	tgtgccagcagtgaacagtataattcgcccctccacttt	10	0	10	1	1
clonotype61	UNK_S	9	TRAV13-2*01	TRAJ37*01			TRBV6-1*01	TRBJ1-4*01	CAASPSNTGKLIF	tgtgcagcctctcctagcaacacaggcaaactgatcttt			CASSGGDRGEKLFF	tgtgccagcagtgggggggacaggggggaaaaactgtttttt	9	0	9	1	1
clonotype678	UNK_S	1	TRAV4*01	TRAJ23*01			TRBV21-1*01	TRBJ1-1*01	CLVGDQAGKLIF	tgcctcgtgggtgaccaggcaggaaagcttatcttc			CASSKSTAEAFF	tgtgccagcagcaagtcgacagctgaagctttcttt	1	0	1	1	1
clonotype680	UNK_S	1	TRAV1-2*01	TRAJ32*01			TRBV28*01	TRBJ1-6*01	CAVRDGGSGNKLIF	tgtgctgtgagagatggcggtagtggaaacaagctcatcttt			CASSLGGYSPLHF	tgtgccagcagtttggggggttattcgcccctccacttt	1	0	1	1	1
clonotype681	UNK_S	1	TRAV27*01	TRAJ40*01			TRBV14*01	TRBJ1-1*01	CAGGSGNYKYIF	tgtgcaggagggtcgggaaactacaaatacatcttt			CASSQDRSEAFF	tgtgccagcagccaagatcggtctgaagctttcttt	1	0	1	1	1
clonotype683	UNK_S	1	TRAV22-3*01	TRAJ22*01			TRBV3-1*01	TRBJ1-2*01	CAVPTDSGWQLTF	tgtgctgttccaaccgattctggctggcaactgaccttt			CASSPIITADYTF	tgtgccagcagcccaattataacagctgactacaccttc	1	0	1	1	1
clonotype685	UNK_S	1	TRAV20*01	TRAJ31*01	TRAV38-1*01	TRAJ33*01	TRBV24-1*01	TRBJ2-2*01	CAVLSGDRVIF	tgtgctgtgcttagcggtgacagagtcatcttt	CAFMAMDSNYQLIW	tgtgctttcatggcgatggatagcaactatcagttaatctgg	CATSDGDTAQLFF	tgtgccaccagtgacggggacaccgcgcagctgttcttt	2	1	2	2	1
clonotype687	UNK_S	1	TRAV6*01	TRAJ40*01			TRBV7-3*01	TRBJ2-7*01	CALGGNYKYIF	tgtgctctagggggaaactacaaatacatcttt			CASSPGVGEQYF	tgtgccagcagccctggggtgggcgagcagtacttc	1	0	1	1	1
clonotype69	UNK_S	8	TRAV5*01	TRAJ34*01			TRBV28*01	TRBJ1-2*01	CAEDPNKLIF	tgtgcagaggaccccaacaagctcatcttt			CASSLLNRVDDYTF	tgtgccagcagtttattgaacagggtggatgactacaccttc	8	0	8	1	1
clonotype693	UNK_S	1	TRAV8-3*01	TRAJ26*01			TRBV6-2*01	TRBJ1-6*01	CAVSDGGQNFIF	tgtgctgtgagtgatggtggtcagaattttatcttc			CASSEQADSPLHF	tgtgccagcagtgaacaggccgattcgcccctccacttt	1	0	1	1	1
clonotype697	UNK_S	1	TRAV8-7*01	TRAJ18*01			TRBV6-3*01	TRBJ1-1*01	CAVTLDRGSTLGKLYF	tgtgctgtgacccttgacagaggctcaaccctggggaagctatacttt			CASSLRMNTEAFF	tgtgccagcagtttacggatgaacactgaagctttcttt	1	0	1	1	1
clonotype698	UNK_S	1	TRAV30*01	TRAJ40*01			TRBV3-3*01	TRBJ1-1*01	CGAGQTGNYKYIF	tgtggtgcaggccaaacaggaaactacaaatacatcttt			CASSLTMDTEAFF	tgtgccagcagcctaactatggacactgaagctttcttt	1	0	1	1	1
clonotype699	UNK_S	1	TRAV36*01	TRAJ40*01			TRBV30*01	TRBJ1-3*01	CAVGTGNYKYIF	tgtgctgtgggaacaggaaactacaaatacatcttt			CAWSRQRFSGNTVYF	tgtgcctggagtagacagagattttctggaaacaccgtgtatttt	1	0	1	1	1
clonotype7	UNK_S	24	TRAV8-7*01	TRAJ52*01	TRAV23-4*01	TRAJ54*01	TRBV3-4*01	TRBJ2-3*01	CAFRGAGYGKLTF	tgtgctttccgtggtgctggctatggaaagctgacattt	CAAVAQGAQKLVF	tgcgcagcagtggctcagggagcccagaagctggtattt	CASSWTGTDPQYF	tgtgccagcagttggacagggacagatccgcagtatttt	25	24	48	2	1
clonotype70	UNK_S	8	TRAV12-1*01	TRAJ8*01	TRAV3*01	TRAJ12*01	TRBV4-3*01	TRBJ1-2*01	CAVRNTGFQKLVF	tgtgcagtgcggaacacaggctttcagaaactcgtattc	CAVSRDSDYKLIF	tgtgctgtgagtcgggatagcgactataaattgatcttt	CASSQDARDYDYTF	tgcgccagcagccaagatgcacgggactatgactacaccttc	9	8	16	2	1
clonotype700	UNK_S	1	TRAV6*01	TRAJ9*01			TRBV6-2*01	TRBJ2-6*01	CAPTGTGGFKTVF	tgtgctccaacgggaactggaggcttcaaaactgtcttt			CASKESGASVLTF	tgtgccagcaaggaatctggggccagcgtcctgactttc	1	0	1	1	1
clonotype701	UNK_S	1	TRAV5*01	TRAJ4*01			TRBV20-1*01	TRBJ2-5*01	CAERRGGYDKLIF	tgtgcagagaggcggggtggctacgataagctgattttt			CSAATGGRGQETQYF	tgcagtgccgcgactggggggcgcgggcaagagacccagtacttc	1	0	1	1	1
clonotype702	UNK_S	1	TRAV3*01	TRAJ20*02			TRBV2-3*01	TRBJ2-7*01	CAVRDLGNYKLSF	tgtgctgtgagagatttgggcaactacaagctcagcttt			CASRGQLREQYF	tgtgccagcaggggacagctccgggagcagtacttc	1	0	1	1	1
clonotype704	UNK_S	1	TRAV13-1*01	TRAJ4*01			TRBV11-1*01	TRBJ2-3*01	CAAIFSGGYDKLIF	tgtgcagctatattttctggtggctacgataagctgattttt			CASSLFSRVRDPQYF	tgtgccagcagcttattctccagggtgagagatccgcagtatttt	1	0	1	1	1
clonotype705	UNK_S	1	TRAV12-1*01	TRAJ49*01			TRBV24-1*01	TRBJ1-2*01	CAVDSNTGNQLYF	tgtgcagtggactcgaacaccggtaaccagttgtatttt			CATSDLRPANYDYTF	tgtgccaccagtgatttgcgaccagctaactatgactacaccttc	1	0	1	1	1
clonotype707	UNK_S	1	TRAV8-4*01	TRAJ3*01			TRBV10-2*01	TRBJ1-4*01	CAVGDSSASKIIF	tgtgctgtgggtgacagcagtgcttccaagatcatcttt			CASMQLTNEKLFF	tgtgccagcatgcagttgactaatgaaaaactgtttttt	9	0	9	1	1
clonotype709	UNK_S	1	TRAV9-2*01	TRAJ32*01			TRBV6-2*01	TRBJ1-6*01	CALSGYGGSGNKLIF	tgtgctctgagtgggtatggcggtagtggaaacaagctcatcttt			CASSEQADSPLHF	tgtgccagcagtgaacaggccgattcgcccctccacttt	1	0	1	1	1
clonotype71	UNK_S	8	TRAV38-2*01	TRAJ27*01	TRAV38-2*01	TRAJ35*01	TRBV14*01	TRBJ1-2*01	CAYRSFNTNADKLTF	tgtgcttataggagctttaacaccaatgcagacaaattaaccttt	CAYRAGFGNVLHF	tgtgcttatcgggcaggctttgggaatgtgttgcatttc	CASSQGRVGYDYTF	tgtgccagcagccaaggtcgggttggctatgactacaccttc	9	8	16	2	1
clonotype711	UNK_S	1	TRAV12-3*01	TRAJ21*01			TRBV6-3*01	TRBJ2-7*01	CAMSGPGNNKFYF	tgtgcaatgagcggccccgggaacaacaaattttacttt			CASSRDRDYEQYF	tgtgccagcagccgggacagggactacgagcagtacttc	1	0	1	1	1
clonotype712	UNK_S	1	TRAV20*01	TRAJ28*01			TRBV28*01	TRBJ1-5*01	CAVPYSGAGSYQLTF	tgtgctgtcccctactctggggctgggagttaccaactcactttc			CASSGTGNQPQYF	tgtgccagcagcgggaccggcaatcagccccagtatttt	1	0	1	1	1
clonotype713	UNK_S	1	TRAV5*01	TRAJ36*01			TRBV3-4*01	TRBJ1-6*01	CAEGDQTGVNNLFF	tgtgcagagggggatcaaactggggtaaacaacctcttcttt			CASSQGGNSPLYF	tgtgccagcagccaagggggaaattcgcccctctacttt	1	0	1	1	1
clonotype716	UNK_S	1	TRAV3*01	TRAJ24*01			TRBV3-1*01	TRBJ1-5*01	CAVRPSTDSWGKLQF	tgtgctgtgagaccatcaactgacagctgggggaaattgcagttt			CASSQGLGQPQYF	tgtgccagcagccaaggcctgggtcagccccagtatttt	1	0	1	1	1
clonotype717	UNK_S	1	TRAV8-5*01	TRAJ38*01			TRBV10-1*01	TRBJ1-2*01	CAVSPPGNNRKLIW	tgtgctgtgagtccccctggcaacaaccgtaagctgatttgg			CASSWAGSDDYTF	tgcgccagcagttgggcagggagtgatgactacaccttc	1	0	1	1	1
clonotype718	UNK_S	1	TRAV9-2*01	TRAJ53*01			TRBV4-3*01	TRBJ2-7*01	CALSPNSGGSNYKLTF	tgtgctctgagtcccaatagtggaggtagcaactataaactgacattt			CASRLGGEYEQYF	tgcgccagcagactggggggagaatacgagcagtacttc	1	0	1	1	1
clonotype720	UNK_S	1	TRAV38-2*01	TRAJ23*01			TRBV2-1*01	TRBJ2-7*01	CAYRYYNQAGKLIF	tgtgcttataggtattataaccaggcaggaaagcttatcttc			CASSSTSYEQYF	tgtgccagcagttctacatcctacgagcagtacttc	1	0	1	1	1
clonotype721	UNK_S	1	TRAV8-5*01	TRAJ54*01			TRBV4-2*01	TRBJ1-2*01	CAVSEMAQGAQKLVF	tgtgctgtgagtgaaatggcccagggagcccagaagctggtattt			CASSQDRVSDYTF	tgcgccagcagccaggacagggttagtgactacaccttc	1	0	1	1	1
clonotype722	UNK_S	1	TRAV38-2*01	TRAJ31*01			TRBV4-3*01	TRBJ1-5*01	CAYRSGNNNDRVIF	tgtgcttataggagtggaaataacaatgacagagtcatcttt			CASSQGFYQPQYF	tgcgccagcagccaagggttttatcagccccagtatttt	1	0	1	1	1
clonotype723	UNK_S	1	TRAV8-2*01	TRAJ52*01			TRBV3-4*01	TRBJ1-6*01	CAVSESVAGGAGYGKLTF	tgtgctgtgagtgagtctgttgctggtggtgctggctatggaaagctgacattt			CASSQEEGNSPLYF	tgtgccagcagccaagaagagggtaattcgcccctctacttt	1	0	1	1	1
clonotype725	UNK_S	1	TRAV29*01	TRAJ48*01			TRBV2-1*01	TRBJ2-5*01	CAASGTNFGNEKLTF	tgtgcagcaagcgggactaactttggaaatgagaaattaaccttt			CASSEALGTQYF	tgtgccagcagtgaagcgctcgggacccagtacttc	1	0	1	1	1
clonotype726	UNK_S	1	TRAV23-4*01	TRAJ18*01			TRBV20-1*01	TRBJ2-5*01	CAASRERGSTLGKLYF	tgcgcagcaagcagggagagaggctcaaccctggggaagctatacttt			CSAATGGRGQETQYF	tgcagtgccgcgactggggggcgcgggcaagagacccagtacttc	1	0	1	1	1
clonotype73	UNK_S	8	TRAV20*01	TRAJ49*01			TRBV2-3*01	TRBJ2-4*01	CAVHSNTGNQLYF	tgtgctgtgcactcgaacaccggtaaccagttgtatttt			CASSEWGGARQNTQYF	tgtgccagcagtgaatgggggggagctcgccaaaacactcagtacttc	8	0	8	1	1
clonotype74	UNK_S	8	TRAV4*01	TRAJ9*01	TRAV4*01	TRAJ20*02	TRBV24-1*01	TRBJ1-5*01	CLVGDNTGGFKTVF	tgcctcgtgggtgacaatactggaggcttcaaaactgtcttt	CLVGGGYKLSF	tgcctcgtgggggggggctacaagctcagcttt	CATSDRTGRVRSNQPQYF	tgtgccaccagtgatcggacaggaagggtgaggagcaatcagccccagtatttt	9	8	16	2	1
clonotype75	UNK_S	8	TRAV16*01	TRAJ11*01			TRBV7-6*01	TRBJ2-1*01	CALRENSGYSTLTF	tgtgctctaagggagaattcaggatacagcacactcaccttt			CASSFIRDRGALSYGEQFF	tgtgccagcagctttatccgggacaggggggctttaagctacggtgagcagttcttt	8	0	8	1	1
clonotype77	UNK_S	7	TRAV25*01	TRAJ24*01			TRBV10-1*01	TRBJ2-6*01	CAADSWGKLQF	tgcgcagctgacagctgggggaaattgcagttt			CASEGLGGAYGASVLTF	tgcgccagcgagggactggggggagcttatggggccagcgtcctgactttc	7	0	7	1	1
clonotype79	UNK_S	7	TRAV13-1*01	TRAJ7*01			TRBV6-1*01	TRBJ1-6*01	CAASIAPNRLAF	tgtgcagcgagtatagcccccaacagactcgctttt			CASSEALQGASSPLHF	tgtgccagcagtgaagcgttacagggagcttcttcgcccctccacttt	7	0	7	1	1
clonotype8	UNK_S	24	TRAV35*01	TRAJ58*01			TRBV25-1*01	TRBJ2-5*01	CAGQWSQTGGSRLTF	tgtgccgggcaatggtcacaaaccggtggctctaggttgaccttt			CASSDFRPDQETQYF	tgtgccagcagtgactttcggccggatcaagagacccagtacttc	24	0	24	1	1
clonotype81	UNK_S	7	TRAV34*01	TRAJ41*01			TRBV7-6*01	TRBJ2-7*01	CGGDANSGYALNF	tgtggaggagacgcgaactccgggtatgcactgaacttc			CASSFAGGEQYF	tgtgccagcagcttcgctgggggcgagcagtacttc	7	0	7	1	1
clonotype82	UNK_S	7	TRAV23-4*01	TRAJ48*01			TRBV7-4*01	TRBJ2-4*01	CAARKNFGNEKLTF	tgcgcagcaagaaagaactttggaaatgagaaattaaccttt			CASSPRVEGLVF	tgtgccagcagcccaagggttgaaggtttagtcttc	7	0	7	1	1
clonotype834	UNK_S	1	TRAV25-1*01	TRAJ11*01			TRBV6-1*01	TRBJ1-5*01	CAGRYSTLTF	tgcgcaggacgatacagcacactcaccttt			CASSYQGGYQPQYF	tgtgccagcagttatcaagggggatatcagccccagtatttt	1	0	1	1	1
clonotype836	UNK_S	1	TRAV4*01	TRAJ24*01			TRBV11-2*01	TRBJ2-1*01	CLVGGPWGKLQF	tgcctcgtgggtgggccctgggggaaattgcagttt			CASSLAGEYEQFF	tgtgccagcagcttagcgggggagtatgagcagttcttt	1	0	1	1	1
clonotype837	UNK_S	1	TRAV16*01	TRAJ47*01			TRBV23-1*01	TRBJ1-5*01	CALSADGNKLIF	tgtgctctaagtgcagatggaaacaagctgatcttc			CASSQSGGQPQYF	tgtgccagcagccagtcagggggtcagccccagtatttt	1	0	1	1	1
clonotype838	UNK_S	1	TRAV25*01	TRAJ21*01			TRBV7-4*01	TRBJ1-6*01	CAHNFNKFYF	tgcgcacacaacttcaacaaattttacttt			CASSEQGNSPLHF	tgtgccagcagcgaacaggggaattcgcccctccacttt	1	0	1	1	1
clonotype839	UNK_S	1	TRAV22-3*01	TRAJ37*01			TRBV7-2*03	TRBJ1-2*01	CAPSNTGKLIF	tgtgctcctagcaacacaggcaaactgatcttt			CASSQPGQYDYTF	tgtgccagcagccaaccgggacagtatgactacaccttc	1	0	1	1	1
clonotype84	UNK_S	7	TRAV8-5*01	TRAJ49*01			TRBV28*01	TRBJ1-3*01	CAVSDRKAGNQLYF	tgtgctgtgagtgatcggaaggccggtaaccagttgtatttt			CASIPSHSGNTVYF	tgtgccagcatccccagccattctggaaacaccgtgtatttt	7	0	7	1	1
clonotype842	UNK_S	1	TRAV21*01	TRAJ33*01	TRAV16*01	TRAJ22*01	TRBV4-3*01	TRBJ1-3*01	CAVEVRDSNYQLIW	tgtgctgtggaggtgagggatagcaactatcagttaatctgg	CALSSDSGWQLTF	tgtgctctgtcttctgattctggctggcaactgaccttt	CASSQAGSGNTVYF	tgcgccagcagtcaagcagggtctggaaacaccgtgtatttt	2	1	2	2	1
clonotype844	UNK_S	1	TRAV13-1*01	TRAJ22*01			TRBV6-3*01	TRBJ1-6*01	CAASSWQLTF	tgtgcagcgagtagctggcaactgaccttt			CASSEATDNSPLHF	tgtgccagcagtgaagccacagataattcgcccctccacttt	1	0	1	1	1
clonotype848	UNK_S	1	TRAV25*01	TRAJ33*01			TRBV7-7-1*02	TRBJ1-4*01	CAGGDSNYQLIW	tgcgcagggggggatagcaactatcagttaatctgg			CASSLARFEKLFF	tgtgccagcagcttagcccggtttgaaaaactgtttttt	1	0	1	1	1
clonotype849	UNK_S	1	TRAV25*01	TRAJ9*01			TRBV7-4*01	TRBJ2-4*01	CAGRIGGFKTVF	tgcgcagggagaataggaggcttcaaaactgtcttt			CASSLAPLNTQYF	tgtgccagcagcttagcgccgctcaacactcagtacttc	1	0	1	1	1
clonotype851	UNK_S	1	TRAV22-3*01	TRAJ34*01			TRBV10-2*01	TRBJ1-5*01	CAVPYNANKLIF	tgtgctgtgccctataacgccaacaagctcatcttt			CASSEGYSNQPQYF	tgtgccagcagtgagggttatagcaatcagccccagtatttt	8	0	8	1	1
clonotype853	UNK_S	1	TRAV6*01	TRAJ6*01			TRBV25-1*01	TRBJ1-3*01	CALGRGGGYVLTF	tgtgctctagggcggggaggaggctacgtacttacattt			CASSEQGRGNTVYF	tgtgccagcagtgaacagggtcgcggaaacaccgtgtatttt	1	0	1	1	1
clonotype854	UNK_S	1	TRAV35*01	TRAJ29*01			TRBV16*01	TRBJ1-1*01	CAGQLGGNRALVF	tgtgccgggcaattaggaggaaacagagctcttgtcttt			CASSQPSTERAFF	tgtgccagcagccaaccctcaacagagagagctttcttt	1	0	1	1	1
clonotype855	UNK_S	1	TRAV22-3*01	TRAJ22*01			TRBV11-2*01	TRBJ2-1*01	CAVPTDSGWQLTF	tgtgctgttccaaccgattctggctggcaactgaccttt			CASSLAGEYEQFF	tgtgccagcagcttagcgggggagtatgagcagttcttt	1	0	1	1	1
clonotype856	UNK_S	1	TRAV35*01	TRAJ37*01			TRBV7-2*03	TRBJ1-1*01	CAGLSSNTGKLIF	tgtgccggcctatctagcaacacaggcaaactgatcttt			CASSSGRVSEAFF	tgtgccagcagctctggcagggtttctgaagctttcttt	1	0	1	1	1
clonotype857	UNK_S	1	TRAV27*01	TRAJ11*01			TRBV7-4*01	TRBJ2-5*01	CAGEGSGYSTLTF	tgtgcaggagagggttcaggatacagcacactcaccttt			CASSSGRIGAQYF	tgtgccagcagctccggacggatcggggcccagtacttc	1	0	1	1	1
clonotype858	UNK_S	1	TRAV22-3*01	TRAJ37*01			TRBV4-3*01	TRBJ1-3*01	CAPVPSNTGKLIF	tgtgctcctgtccctagcaacacaggcaaactgatcttt			CASSQDDSGNTVYF	tgcgccagcagccaagatgattctggaaacaccgtgtatttt	1	0	1	1	1
clonotype86	UNK_S	7	TRAV5*01	TRAJ26*01			TRBV11-1*01	TRBJ2-7*01	CAESRDYGQNFIF	tgtgcagagagtagggactatggtcagaattttatcttc			CASSRNGGVGEQYF	tgtgccagcagccgaaacggaggggtgggggagcagtacttc	7	0	7	1	1
clonotype860	UNK_S	1	TRAV22-3*01	TRAJ45*01			TRBV19*01	TRBJ2-4*01	CAAGSGGSADRLTF	tgtgctgcgggttcaggaggaagtgctgacagactcaccttt			CASSFWGSQNTQYF	tgtgccagtagtttttggggaagccaaaacactcagtacttc	1	0	1	1	1
clonotype862	UNK_S	2	TRAV25-1*01	TRAJ57*01			TRBV6-3*01	TRBJ2-7*01	CAGRGQGGSEKLVF	tgcgcagggagggggcagggcggatctgaaaagctcgtcttt			CASSWTGGRYEQYF	tgtgccagcagttggactggggggaggtacgagcagtacttc	2	0	2	1	1
clonotype865	UNK_S	1	TRAV8-4*01	TRAJ34*01			TRBV2-3*01	TRBJ1-1*01	CAVGAANKLIF	tgtgctgtgggtgcggccaacaagctcatcttt			CASSEQWYTEAFF	tgtgccagcagtgaacagtggtacactgaagctttcttt	1	0	1	1	1
clonotype866	UNK_S	1	TRAV25-1*01	TRAJ45*01			TRBV23-1*01	TRBJ2-2*01	CAGRGGGSADRLTF	tgcgcagggcgagggggaggaagtgctgacagactcaccttt			CASSQSGTAQLFF	tgtgccagcagccaatcaggaaccgcgcagctgttcttt	1	0	1	1	1
clonotype867	UNK_S	1	TRAV13-1*01	TRAJ24*01	TRAV21*01	TRAJ27*01	TRBV7-4*01	TRBJ1-2*01	CAATDSWGKLQF	tgcgcagcaactgacagctgggggaaattgcagttt	CASPPNPNADKLTF	tgtgcttcccccccaaaccccaatgcagacaaattaaccttt	CASSQDRLYDYTF	tgtgccagcagccaagacaggctctatgactacaccttc	2	1	2	2	1
clonotype869	UNK_S	1	TRAV25*01	TRAJ10*01			TRBV10-2*01	TRBJ2-2*01	CAGLLMGGGNKLTF	tgcgcaggcctcctcatgggaggaggaaacaaactcaccttt			CASSDRGHTAQLFF	tgtgccagcagtgacaggggtcacaccgcgcagctgttcttt	1	0	1	1	1
clonotype870	UNK_S	1	TRAV30*01	TRAJ58*01			TRBV12-2*01	TRBJ1-2*01	CGATDGGSRLTF	tgtggtgcgaccgacggtggctctaggttgaccttt			CASSLGQARDYTF	tgtgccagcagtttgggacaggcgcgcgactacaccttc	1	0	1	1	1
clonotype872	UNK_S	2	TRAV8-3*01	TRAJ40*01			TRBV6-1*01	TRBJ1-2*01	CAVIAGNYKYIF	tgtgctgtgattgcgggaaactacaaatacatcttt			CASRTTDTSYDYTF	tgtgccagcaggacgacagataccagctatgactacaccttc	2	0	2	1	1
clonotype874	UNK_S	2	TRAV8-3*01	TRAJ43*01			TRBV6-3*01	TRBJ1-5*01	CAVSDRNNDIRF	tgtgctgtgagtgatcgcaacaatgacatacgcttt			CASRPGTENQPQYF	tgtgccagcaggcccgggacggagaatcagccccagtatttt	2	0	2	1	1
clonotype875	UNK_S	1	TRAV13-2*01	TRAJ23*01			TRBV11-2*01	TRBJ2-1*01	CAENYNQAGKLIF	tgtgcagagaattataaccaggcaggaaagcttatcttc			CASSLAGEYEQFF	tgtgccagcagcttagcgggggagtatgagcagttcttt	1	0	1	1	1
clonotype877	UNK_S	1	TRAV20*01	TRAJ10*01			TRBV10-1*01	TRBJ1-4*01	CAVLMGGGNKLTF	tgtgctgtactcatgggaggaggaaacaaactcaccttt			CASHTGGTNEKLFF	tgcgccagccatacagggggtactaatgaaaaactgtttttt	1	0	1	1	1
clonotype882	UNK_S	1	TRAV8-2*01	TRAJ11*01			TRBV25-1*01	TRBJ2-3*01	CAVDSSGYSTLTF	tgtgctgtggattcttcaggatacagcacactcaccttt			CASSEFGVTDPQYF	tgtgccagcagtgaattcggggtcacagatccgcagtatttt	1	0	1	1	1
clonotype883	UNK_S	1	TRAV6*01	TRAJ9*01			TRBV6-2*01	TRBJ1-5*01	CAPTGTGGFKTVF	tgtgctccaacgggaactggaggcttcaaaactgtcttt			CATTRAVSNQPQYF	tgtgccaccactagggccgttagcaatcagccccagtatttt	1	0	1	1	1
clonotype888	UNK_S	1	TRAV8-2*01	TRAJ41*01			TRBV2-3*01	TRBJ2-5*01	CAVNVNSGYALNF	tgtgctgtgaatgtcaactccgggtatgcactgaacttc			CASSPDWEETQYF	tgtgccagcagtcccgactgggaagagacccagtacttc	1	0	1	1	1
clonotype890	UNK_S	1	TRAV12-2*01	TRAJ31*01			TRBV27*01	TRBJ1-1*01	CAVNMNNNDRVIF	tgtgccgtgaacatgaataacaatgacagagtcatcttt			CASSNRGAGTEAFF	tgtgccagcagtaacaggggggccggcactgaagctttcttt	1	0	1	1	1
clonotype891	UNK_S	1	TRAV6*01	TRAJ9*01			TRBV27*01	TRBJ1-1*01	CAPTGTGGFKTVF	tgtgctccaacgggaactggaggcttcaaaactgtcttt			CASSNRGAGTEAFF	tgtgccagcagtaacaggggggccggcactgaagctttcttt	1	0	1	1	1
clonotype892	UNK_S	1	TRAV9-2*01	TRAJ32*01			TRBV6-2*01	TRBJ1-6*01	CALSGYGGSGNKLIF	tgtgctctgagtgggtatggcggtagtggaaacaagctcatcttt			CASSEQSYNSPLHF	tgtgccagcagtgaacagtcctataattcgcccctccacttt	1	0	1	1	1
clonotype893	UNK_S	1	TRAV5*01	TRAJ44*01			TRBV6-2*01	TRBJ2-4*01	CAESSGGIASKLTF	tgtgcagagagtagcgggggcattgccagtaaactcaccttt			CASENTGLRNTQYF	tgtgccagcgagaatacagggttacggaacactcagtacttc	1	0	1	1	1
clonotype895	UNK_S	1	TRAV24-1*01	TRAJ27*01			TRBV3-3*01	TRBJ1-1*01	CAFGANADKLTF	tgtgcctttggggccaatgcagacaaattaaccttt			CASSQFGEGTEAFF	tgtgccagcagccagttcggggagggcactgaagctttcttt	1	0	1	1	1
clonotype896	UNK_S	1	TRAV12-1*01	TRAJ30*01			TRBV2-3*01	TRBJ1-3*01	CAVRIRNRDDKIIF	tgtgcagtgcgtataaggaacagagatgacaaaatcatcttt			CASSRFTGNTVYF	tgtgccagcagtcggtttactggaaacaccgtgtatttt	1	0	1	1	1
clonotype898	UNK_S	1	TRAV24-1*01	TRAJ58*01			TRBV2-1*01	TRBJ2-5*01	CAFATGGSRLTF	tgtgcctttgccaccggtggctctaggttgaccttt			CASSPDWEETQYF	tgtgccagcagtcccgactgggaagagacccagtacttc	1	0	1	1	1
clonotype899	UNK_S	1	TRAV8-3*01	TRAJ49*01			TRBV2-3*01	TRBJ2-5*01	CAVSDRKAGNQLYF	tgtgctgtgagtgatcggaaggccggtaaccagttgtatttt			CASSPDWEETQYF	tgtgccagcagtcccgactgggaagagacccagtacttc	1	0	1	1	1
clonotype9	UNK_S	20	TRAV29*01	TRAJ45*01			TRBV7-6*01	TRBJ1-5*01	CAAKGSSGGSADRLTF	tgtgcagcaaaggggagttcaggaggaagtgctgacagactcaccttt			CASSPAAPYSNQPQYF	tgtgccagcagccccgcggccccctatagcaatcagccccagtatttt	20	0	20	1	1
clonotype900	UNK_S	1	TRAV3*01	TRAJ34*01			TRBV24-1*01	TRBJ1-6*01	CAVREGYNANKLIF	tgtgctgtgagagagggttataacgccaacaagctcatcttt			CATRWGQINSPLHF	tgtgccactaggtggggacagattaattcgcccctccacttt	1	0	1	1	1
clonotype902	UNK_S	1	TRAV2*01	TRAJ34*01			TRBV4-2*01	TRBJ1-4*01	CAVESHSYNANKLIF	tgtgctgtggagtcccactcttataacgccaacaagctcatcttt			CASSQVSGPEKLFF	tgcgccagcagccaagtgtcagggcctgaaaaactgtttttt	1	0	1	1	1
clonotype904	UNK_S	1	TRAV9-2*01	TRAJ40*01			TRBV21-1*01	TRBJ1-1*01	CALSDQGPGNYKYIF	tgtgctctgagtgatcaaggtcccggaaactacaaatacatcttt			CASSILGATEAFF	tgtgccagcagcattctaggggccactgaagctttcttt	1	0	1	1	1
clonotype907	UNK_S	1	TRAV8-4*01	TRAJ36*01			TRBV28*01	TRBJ2-7*01	CAVGAERTGVNNLFF	tgtgctgtgggtgcggagaggactggggtaaacaacctcttcttt			CASSPGTDTREQYF	tgtgccagcagtccagggacggacacgcgagagcagtacttc	1	0	1	1	1
clonotype909	UNK_S	1	TRAV8-5*01	TRAJ45*01			TRBV3-4*01	TRBJ2-2*01	CAVSDAGGSADRLTF	tgtgctgtgagtgatgcgggaggaagtgctgacagactcaccttt			CASSPTFGTAQLFF	tgtgccagcagccctacgtttggtaccgcgcagctgttcttt	1	0	1	1	1
clonotype912	UNK_S	1	TRAV19*01	TRAJ34*01			TRBV6-2*01	TRBJ2-7*01	CALNAFEYNANKLIF	tgtgctctgaatgcctttgagtataacgccaacaagctcatcttt			CASSGTGTGYEQYF	tgtgccagcagtgggaccgggactggatacgagcagtacttc	1	0	1	1	1
clonotype913	UNK_S	1	TRAV8-3*01	TRAJ32*01			TRBV6-1*01	TRBJ1-2*01	CAVNDAYYGGSGNKLIF	tgtgctgtgaatgatgcctattatggcggtagtggaaacaagctcatcttt			CASRTTDTSYDYTF	tgtgccagcaggacgacagataccagctatgactacaccttc	1	0	1	1	1
clonotype916	UNK_S	1	TRAV29*01	TRAJ40*01			TRBV6-3*01	TRBJ2-4*01	CAAKGGNYKYIF	tgtgcagcaaagggcggaaactacaaatacatcttt			CASSYRMGRNTQYF	tgtgccagcagttatcggatgggacgaaacactcagtacttc	1	0	1	1	1
clonotype918	UNK_S	1	TRAV29*01	TRAJ36*01			TRBV6-8*01	TRBJ2-2*01	CAASPQTGVNNLFF	tgtgcagcaagtcctcaaactggggtaaacaacctcttcttt			CASSDGRGTAQLFF	tgtgccagcagtgacgggcgtgggaccgcgcagctgttcttt	1	0	1	1	1
clonotype919	UNK_S	1	TRAV29*01	TRAJ29*01			TRBV23-1*01	TRBJ1-5*01	CAAMLFSGNRALVF	tgtgcagcaatgcttttttcaggaaacagagctcttgtcttt			CASSQSGGQPQYF	tgtgccagcagccagtcagggggtcagccccagtatttt	1	0	1	1	1
clonotype920	UNK_S	1	TRAV29*01	TRAJ40*01			TRBV12-3*01	TRBJ1-1*01	CAASPTTGNYKYIF	tgtgcagcaagtcctaccacaggaaactacaaatacatcttt			CASSLSVNTEAFF	tgtgccagcagtttatcagtgaacactgaagctttcttt	1	0	1	1	1
clonotype925	UNK_S	1	TRAV23-4*01	TRAJ9*01			TRBV25-1*01	TRBJ2-3*01	CAAIGNTGGFKTVF	tgtgcagcaattggaaatactggaggcttcaaaactgtcttt			CASSEFGVTDPQYF	tgtgccagcagtgaattcggggtcacagatccgcagtatttt	1	0	1	1	1
clonotype926	UNK_S	1	TRAV29*01	TRAJ52*01			TRBV28*01	TRBJ1-3*01	CAASARAGGAGYGKLTF	tgtgcagcaagcgcccgtgctggtggtgctggctatggaaagctgacattt			CASISVSRGNTVYF	tgtgccagcatatccgtcagcagaggaaacaccgtgtatttt	1	0	1	1	1
clonotype93	UNK_S	6	TRAV29*01	TRAJ47*01	TRAV9-2*01	TRAJ39*01	TRBV23-1*01	TRBJ1-4*01	CAASGQGYGNKLIF	tgtgcagcaagcggtcagggctatggaaacaagctgatcttc	CALHAGNVLTF	tgtgctctgcatgcaggcaacgtgctcacattt	CASRGYSDEKLFF	tgtgccagcagggggtattccgatgaaaaactgtttttt	7	6	12	2	1
clonotype95	UNK_S	6	TRAV20*01	TRAJ43*01	TRAV25-1*01	TRAJ23*01	TRBV7-4*01	TRBJ1-6*01	CAAPYNNNDIHF	tgtgctgccccgtacaacaacaatgacatacacttt	CAGPYYNQAGKLIF	tgcgcagggccgtattataaccaggcaggaaagcttatcttc	CASSLSRDYNSPLYF	tgtgccagcagcttatccagggactataattcgcccctctacttt	7	6	12	2	1
clonotype98	UNK_S	6	TRAV6*01	TRAJ26*01			TRBV28*01	TRBJ1-2*01	CAHDNYGQNFIF	tgtgcccatgataactatggtcagaattttatcttc			CASSQWEDNYDYTF	tgtgccagcagtcaatgggaggataactatgactacaccttc	6	0	6	1	1
clonotype99	UNK_S	7	TRAV1-2*01	TRAJ37*01	TRAV9-2*01	TRAJ20*02	TRBV25-1*01	TRBJ1-3*01	CAVRDLNNTGKLIF	tgtgctgtgagagatctgaacaacacaggcaaactgatcttt	CALSEDNYKLSF	tgtgctctgagtgaagacaactacaagctcagcttt	CASSGQVKGTVYF	tgtgccagcagcgggcaggtcaaaggcaccgtgtatttt	8	7	14	2	1
